lga_name,section,area,males,females,persons,persons_per_area,occupied_dwellings,dwellings_per_area,population_per_dwelling,area_unit,source_pdf,source_pdf_sha256,source_page_index,source_pdf_page,source_printed_page,source_table_number_printed,source_row_number,source_row_y,source_image
Aberdeen,municipality,1491,379,355,734,0.49,142,0.095,5.17,acres,data/raw/abs_1911_census/1911 Census - Volume III - Part XIII Dwellings.pdf,d2a7f6b00a4c9e31c09011e69b09315e47a59f0dadbf6dd275d05fc897cb5db6,182,183,2031,68,1,199.44,output/extract_table68/evidence/pdf_page_183.png
Adamstown,municipality,973,1347,1313,2660,2.73,597,0.614,4.46,acres,data/raw/abs_1911_census/1911 Census - Volume III - Part XIII Dwellings.pdf,d2a7f6b00a4c9e31c09011e69b09315e47a59f0dadbf6dd275d05fc897cb5db6,182,183,2031,68,2,207.6,output/extract_table68/evidence/pdf_page_183.png
Albury,municipality,18460,3052,3257,6309,0.34,1328,0.072,4.75,acres,data/raw/abs_1911_census/1911 Census - Volume III - Part XIII Dwellings.pdf,d2a7f6b00a4c9e31c09011e69b09315e47a59f0dadbf6dd275d05fc897cb5db6,182,183,2031,68,3,215.52,output/extract_table68/evidence/pdf_page_183.png
Alexandria,municipality,1024,5260,4863,10123,9.89,2244,2.191,4.51,acres,data/raw/abs_1911_census/1911 Census - Volume III - Part XIII Dwellings.pdf,d2a7f6b00a4c9e31c09011e69b09315e47a59f0dadbf6dd275d05fc897cb5db6,182,183,2031,68,4,223.44,output/extract_table68/evidence/pdf_page_183.png
Annandale,municipality,360,5413,5827,11240,31.22,2363,6.564,4.76,acres,data/raw/abs_1911_census/1911 Census - Volume III - Part XIII Dwellings.pdf,d2a7f6b00a4c9e31c09011e69b09315e47a59f0dadbf6dd275d05fc897cb5db6,182,183,2031,68,5,231.6,output/extract_table68/evidence/pdf_page_183.png
Armidale,municipality,2080,2290,2448,4738,2.28,853,0.410,5.55,acres,data/raw/abs_1911_census/1911 Census - Volume III - Part XIII Dwellings.pdf,d2a7f6b00a4c9e31c09011e69b09315e47a59f0dadbf6dd275d05fc897cb5db6,182,183,2031,68,6,247.69,output/extract_table68/evidence/pdf_page_183.png
Ashfield,municipality,2081,9212,11219,20431,9.82,4189,2.013,4.88,acres,data/raw/abs_1911_census/1911 Census - Volume III - Part XIII Dwellings.pdf,d2a7f6b00a4c9e31c09011e69b09315e47a59f0dadbf6dd275d05fc897cb5db6,182,183,2031,68,7,255.6,output/extract_table68/evidence/pdf_page_183.png
Auburn,municipality,2688,2757,2802,5559,2.07,1161,0.432,4.79,acres,data/raw/abs_1911_census/1911 Census - Volume III - Part XIII Dwellings.pdf,d2a7f6b00a4c9e31c09011e69b09315e47a59f0dadbf6dd275d05fc897cb5db6,182,183,2031,68,8,263.76,output/extract_table68/evidence/pdf_page_183.png
Ballina,municipality,5760,1022,1039,2061,0.36,402,0.070,5.13,acres,data/raw/abs_1911_census/1911 Census - Volume III - Part XIII Dwellings.pdf,d2a7f6b00a4c9e31c09011e69b09315e47a59f0dadbf6dd275d05fc897cb5db6,182,183,2031,68,9,271.69,output/extract_table68/evidence/pdf_page_183.png
Balmain,municipality,932,15907,16131,32038,34.38,6464,6.936,4.96,acres,data/raw/abs_1911_census/1911 Census - Volume III - Part XIII Dwellings.pdf,d2a7f6b00a4c9e31c09011e69b09315e47a59f0dadbf6dd275d05fc897cb5db6,182,183,2031,68,10,279.84,output/extract_table68/evidence/pdf_page_183.png
Balranald,municipality,30720,364,356,720,0.02,163,0.005,4.42,acres,data/raw/abs_1911_census/1911 Census - Volume III - Part XIII Dwellings.pdf,d2a7f6b00a4c9e31c09011e69b09315e47a59f0dadbf6dd275d05fc897cb5db6,182,183,2031,68,11,295.93,output/extract_table68/evidence/pdf_page_183.png
Bankstown,municipality,19393,1060,979,2039,0.11,465,0.024,4.38,acres,data/raw/abs_1911_census/1911 Census - Volume III - Part XIII Dwellings.pdf,d2a7f6b00a4c9e31c09011e69b09315e47a59f0dadbf6dd275d05fc897cb5db6,182,183,2031,68,12,303.84,output/extract_table68/evidence/pdf_page_183.png
Barraba,municipality,840,554,571,1125,1.34,223,0.265,5.04,acres,data/raw/abs_1911_census/1911 Census - Volume III - Part XIII Dwellings.pdf,d2a7f6b00a4c9e31c09011e69b09315e47a59f0dadbf6dd275d05fc897cb5db6,182,183,2031,68,13,311.76,output/extract_table68/evidence/pdf_page_183.png
Bathurst,municipality,2560,4194,4381,8575,3.35,1711,0.668,5.01,acres,data/raw/abs_1911_census/1911 Census - Volume III - Part XIII Dwellings.pdf,d2a7f6b00a4c9e31c09011e69b09315e47a59f0dadbf6dd275d05fc897cb5db6,182,183,2031,68,14,319.93,output/extract_table68/evidence/pdf_page_183.png
Bega,municipality,2300,912,1057,1969,0.86,415,0.180,4.74,acres,data/raw/abs_1911_census/1911 Census - Volume III - Part XIII Dwellings.pdf,d2a7f6b00a4c9e31c09011e69b09315e47a59f0dadbf6dd275d05fc897cb5db6,182,183,2031,68,15,327.84,output/extract_table68/evidence/pdf_page_183.png
Berry,municipality,21574,804,817,1621,0.08,310,0.014,5.23,acres,data/raw/abs_1911_census/1911 Census - Volume III - Part XIII Dwellings.pdf,d2a7f6b00a4c9e31c09011e69b09315e47a59f0dadbf6dd275d05fc897cb5db6,182,183,2031,68,16,343.93,output/extract_table68/evidence/pdf_page_183.png
Bexley,municipality,1920,3096,3421,6517,3.39,1405,0.732,4.64,acres,data/raw/abs_1911_census/1911 Census - Volume III - Part XIII Dwellings.pdf,d2a7f6b00a4c9e31c09011e69b09315e47a59f0dadbf6dd275d05fc897cb5db6,182,183,2031,68,17,351.84,output/extract_table68/evidence/pdf_page_183.png
Bingara,municipality,3072,613,600,1213,0.39,237,0.077,5.12,acres,data/raw/abs_1911_census/1911 Census - Volume III - Part XIII Dwellings.pdf,d2a7f6b00a4c9e31c09011e69b09315e47a59f0dadbf6dd275d05fc897cb5db6,182,183,2031,68,18,360.01,output/extract_table68/evidence/pdf_page_183.png
Blayney,municipality,3040,710,725,1435,0.47,300,0.099,4.78,acres,data/raw/abs_1911_census/1911 Census - Volume III - Part XIII Dwellings.pdf,d2a7f6b00a4c9e31c09011e69b09315e47a59f0dadbf6dd275d05fc897cb5db6,182,183,2031,68,19,367.93,output/extract_table68/evidence/pdf_page_183.png
Bombala,municipality,1299,404,423,827,0.64,173,0.133,4.78,acres,data/raw/abs_1911_census/1911 Census - Volume III - Part XIII Dwellings.pdf,d2a7f6b00a4c9e31c09011e69b09315e47a59f0dadbf6dd275d05fc897cb5db6,182,183,2031,68,20,375.84,output/extract_table68/evidence/pdf_page_183.png
Botany,municipality,2163,2355,2054,4409,2.04,896,0.414,4.92,acres,data/raw/abs_1911_census/1911 Census - Volume III - Part XIII Dwellings.pdf,d2a7f6b00a4c9e31c09011e69b09315e47a59f0dadbf6dd275d05fc897cb5db6,182,183,2031,68,21,392.4,output/extract_table68/evidence/pdf_page_183.png
"Botany, North",municipality,2256,3083,2753,5836,2.59,1271,0.563,4.59,acres,data/raw/abs_1911_census/1911 Census - Volume III - Part XIII Dwellings.pdf,d2a7f6b00a4c9e31c09011e69b09315e47a59f0dadbf6dd275d05fc897cb5db6,182,183,2031,68,22,400.08,output/extract_table68/evidence/pdf_page_183.png
Bourke,municipality,28160,846,747,1593,0.06,417,0.015,3.82,acres,data/raw/abs_1911_census/1911 Census - Volume III - Part XIII Dwellings.pdf,d2a7f6b00a4c9e31c09011e69b09315e47a59f0dadbf6dd275d05fc897cb5db6,182,183,2031,68,23,408.0,output/extract_table68/evidence/pdf_page_183.png
Bowral,municipality,3315,735,1016,1751,0.53,364,0.110,4.81,acres,data/raw/abs_1911_census/1911 Census - Volume III - Part XIII Dwellings.pdf,d2a7f6b00a4c9e31c09011e69b09315e47a59f0dadbf6dd275d05fc897cb5db6,182,183,2031,68,24,415.93,output/extract_table68/evidence/pdf_page_183.png
Braidwood,municipality,5760,577,656,1233,0.21,271,0.047,4.55,acres,data/raw/abs_1911_census/1911 Census - Volume III - Part XIII Dwellings.pdf,d2a7f6b00a4c9e31c09011e69b09315e47a59f0dadbf6dd275d05fc897cb5db6,182,183,2031,68,25,424.08,output/extract_table68/evidence/pdf_page_183.png
Brewarrina,municipality,16000,412,386,798,0.05,175,0.011,4.56,acres,data/raw/abs_1911_census/1911 Census - Volume III - Part XIII Dwellings.pdf,d2a7f6b00a4c9e31c09011e69b09315e47a59f0dadbf6dd275d05fc897cb5db6,182,183,2031,68,26,440.16,output/extract_table68/evidence/pdf_page_183.png
Broken Hill,municipality,16640,16921,14051,30972,1.86,6688,0.402,4.63,acres,data/raw/abs_1911_census/1911 Census - Volume III - Part XIII Dwellings.pdf,d2a7f6b00a4c9e31c09011e69b09315e47a59f0dadbf6dd275d05fc897cb5db6,182,183,2031,68,27,448.08,output/extract_table68/evidence/pdf_page_183.png
Broughton Vale,municipality,15040,131,105,236,0.02,59,0.004,4.00,acres,data/raw/abs_1911_census/1911 Census - Volume III - Part XIII Dwellings.pdf,d2a7f6b00a4c9e31c09011e69b09315e47a59f0dadbf6dd275d05fc897cb5db6,182,183,2031,68,28,456.24,output/extract_table68/evidence/pdf_page_183.png
Burrowa,municipality,21760,461,430,891,0.04,182,0.008,4.90,acres,data/raw/abs_1911_census/1911 Census - Volume III - Part XIII Dwellings.pdf,d2a7f6b00a4c9e31c09011e69b09315e47a59f0dadbf6dd275d05fc897cb5db6,182,183,2031,68,29,464.4,output/extract_table68/evidence/pdf_page_183.png
Burwood,municipality,1050,4001,5379,9380,8.93,1843,1.755,5.09,acres,data/raw/abs_1911_census/1911 Census - Volume III - Part XIII Dwellings.pdf,d2a7f6b00a4c9e31c09011e69b09315e47a59f0dadbf6dd275d05fc897cb5db6,182,183,2031,68,30,472.33,output/extract_table68/evidence/pdf_page_183.png
Cabramatta and Canley Vale,municipality,7272,617,564,1181,0.16,262,0.036,4.51,acres,data/raw/abs_1911_census/1911 Census - Volume III - Part XIII Dwellings.pdf,d2a7f6b00a4c9e31c09011e69b09315e47a59f0dadbf6dd275d05fc897cb5db6,182,183,2031,68,31,488.4,output/extract_table68/evidence/pdf_page_183.png
Camden,municipality,7680,872,925,1797,0.23,326,0.042,5.51,acres,data/raw/abs_1911_census/1911 Census - Volume III - Part XIII Dwellings.pdf,d2a7f6b00a4c9e31c09011e69b09315e47a59f0dadbf6dd275d05fc897cb5db6,182,183,2031,68,32,496.33,output/extract_table68/evidence/pdf_page_183.png
Campbelltown,municipality,64640,868,957,1825,0.03,394,0.006,4.63,acres,data/raw/abs_1911_census/1911 Census - Volume III - Part XIII Dwellings.pdf,d2a7f6b00a4c9e31c09011e69b09315e47a59f0dadbf6dd275d05fc897cb5db6,182,183,2031,68,33,504.24,output/extract_table68/evidence/pdf_page_183.png
Canterbury,municipality,8384,5628,5707,11335,1.35,2329,0.278,4.87,acres,data/raw/abs_1911_census/1911 Census - Volume III - Part XIII Dwellings.pdf,d2a7f6b00a4c9e31c09011e69b09315e47a59f0dadbf6dd275d05fc897cb5db6,182,183,2031,68,34,512.16,output/extract_table68/evidence/pdf_page_183.png
Carcoar,municipality,429,245,290,535,1.25,104,0.242,5.14,acres,data/raw/abs_1911_census/1911 Census - Volume III - Part XIII Dwellings.pdf,d2a7f6b00a4c9e31c09011e69b09315e47a59f0dadbf6dd275d05fc897cb5db6,182,183,2031,68,35,520.33,output/extract_table68/evidence/pdf_page_183.png
Carrington,municipality,435,1366,1319,2685,6.17,568,1.306,4.73,acres,data/raw/abs_1911_census/1911 Census - Volume III - Part XIII Dwellings.pdf,d2a7f6b00a4c9e31c09011e69b09315e47a59f0dadbf6dd275d05fc897cb5db6,182,183,2031,68,36,536.4,output/extract_table68/evidence/pdf_page_183.png
Casino,municipality,21500,1734,1686,3420,0.16,643,0.030,5.32,acres,data/raw/abs_1911_census/1911 Census - Volume III - Part XIII Dwellings.pdf,d2a7f6b00a4c9e31c09011e69b09315e47a59f0dadbf6dd275d05fc897cb5db6,182,183,2031,68,37,544.33,output/extract_table68/evidence/pdf_page_183.png
Castlereagh,municipality,30426,285,235,520,0.02,119,0.004,4.37,acres,data/raw/abs_1911_census/1911 Census - Volume III - Part XIII Dwellings.pdf,d2a7f6b00a4c9e31c09011e69b09315e47a59f0dadbf6dd275d05fc897cb5db6,182,183,2031,68,38,552.49,output/extract_table68/evidence/pdf_page_183.png
Cobar,municipality,22048,2632,1798,4430,0.20,850,0.039,5.21,acres,data/raw/abs_1911_census/1911 Census - Volume III - Part XIII Dwellings.pdf,d2a7f6b00a4c9e31c09011e69b09315e47a59f0dadbf6dd275d05fc897cb5db6,182,183,2031,68,39,560.4,output/extract_table68/evidence/pdf_page_183.png
Concord,municipality,2666,2009,2067,4076,1.53,844,0.317,4.83,acres,data/raw/abs_1911_census/1911 Census - Volume III - Part XIII Dwellings.pdf,d2a7f6b00a4c9e31c09011e69b09315e47a59f0dadbf6dd275d05fc897cb5db6,182,183,2031,68,40,568.56,output/extract_table68/evidence/pdf_page_183.png
Condobolin,municipality,29888,615,615,1230,0.04,242,0.008,5.08,acres,data/raw/abs_1911_census/1911 Census - Volume III - Part XIII Dwellings.pdf,d2a7f6b00a4c9e31c09011e69b09315e47a59f0dadbf6dd275d05fc897cb5db6,182,183,2031,68,41,584.65,output/extract_table68/evidence/pdf_page_183.png
Cooma,municipality,17664,1034,1029,2063,0.12,376,0.021,5.49,acres,data/raw/abs_1911_census/1911 Census - Volume III - Part XIII Dwellings.pdf,d2a7f6b00a4c9e31c09011e69b09315e47a59f0dadbf6dd275d05fc897cb5db6,182,183,2031,68,42,592.56,output/extract_table68/evidence/pdf_page_183.png
Coonamble,municipality,15040,1182,1080,2262,0.15,460,0.031,4.92,acres,data/raw/abs_1911_census/1911 Census - Volume III - Part XIII Dwellings.pdf,d2a7f6b00a4c9e31c09011e69b09315e47a59f0dadbf6dd275d05fc897cb5db6,182,183,2031,68,43,600.49,output/extract_table68/evidence/pdf_page_183.png
Cootamundra,municipality,6080,1517,1450,2967,0.49,553,0.091,5.37,acres,data/raw/abs_1911_census/1911 Census - Volume III - Part XIII Dwellings.pdf,d2a7f6b00a4c9e31c09011e69b09315e47a59f0dadbf6dd275d05fc897cb5db6,182,183,2031,68,44,608.65,output/extract_table68/evidence/pdf_page_183.png
Coraki,municipality,2560,623,515,1138,0.44,209,0.082,5.44,acres,data/raw/abs_1911_census/1911 Census - Volume III - Part XIII Dwellings.pdf,d2a7f6b00a4c9e31c09011e69b09315e47a59f0dadbf6dd275d05fc897cb5db6,182,183,2031,68,45,616.56,output/extract_table68/evidence/pdf_page_183.png
Corowa,municipality,8040,1049,1014,2063,0.26,421,0.052,4.90,acres,data/raw/abs_1911_census/1911 Census - Volume III - Part XIII Dwellings.pdf,d2a7f6b00a4c9e31c09011e69b09315e47a59f0dadbf6dd275d05fc897cb5db6,182,183,2031,68,46,632.65,output/extract_table68/evidence/pdf_page_183.png
Cowra,municipality,5677,1692,1579,3271,0.58,646,0.114,5.06,acres,data/raw/abs_1911_census/1911 Census - Volume III - Part XIII Dwellings.pdf,d2a7f6b00a4c9e31c09011e69b09315e47a59f0dadbf6dd275d05fc897cb5db6,182,183,2031,68,47,640.56,output/extract_table68/evidence/pdf_page_183.png
Cudal,municipality,25600,304,270,574,0.02,120,0.005,4.78,acres,data/raw/abs_1911_census/1911 Census - Volume III - Part XIII Dwellings.pdf,d2a7f6b00a4c9e31c09011e69b09315e47a59f0dadbf6dd275d05fc897cb5db6,182,183,2031,68,48,648.49,output/extract_table68/evidence/pdf_page_183.png
Cudgegong,municipality,122880,1431,1247,2678,0.02,511,0.004,5.24,acres,data/raw/abs_1911_census/1911 Census - Volume III - Part XIII Dwellings.pdf,d2a7f6b00a4c9e31c09011e69b09315e47a59f0dadbf6dd275d05fc897cb5db6,182,183,2031,68,49,656.65,output/extract_table68/evidence/pdf_page_183.png
Darlington,municipality,44,1863,1953,3816,86.73,745,16.932,5.12,acres,data/raw/abs_1911_census/1911 Census - Volume III - Part XIII Dwellings.pdf,d2a7f6b00a4c9e31c09011e69b09315e47a59f0dadbf6dd275d05fc897cb5db6,182,183,2031,68,50,664.56,output/extract_table68/evidence/pdf_page_183.png
Deniliquin,municipality,32000,1246,1248,2494,0.08,591,0.018,4.22,acres,data/raw/abs_1911_census/1911 Census - Volume III - Part XIII Dwellings.pdf,d2a7f6b00a4c9e31c09011e69b09315e47a59f0dadbf6dd275d05fc897cb5db6,182,183,2031,68,51,680.88,output/extract_table68/evidence/pdf_page_183.png
Drummoyne,municipality,1920,4182,4496,8678,4.52,1902,0.991,4.56,acres,data/raw/abs_1911_census/1911 Census - Volume III - Part XIII Dwellings.pdf,d2a7f6b00a4c9e31c09011e69b09315e47a59f0dadbf6dd275d05fc897cb5db6,182,183,2031,68,52,688.8,output/extract_table68/evidence/pdf_page_183.png
Dubbo,municipality,2671,2210,2242,4452,1.67,845,0.316,5.27,acres,data/raw/abs_1911_census/1911 Census - Volume III - Part XIII Dwellings.pdf,d2a7f6b00a4c9e31c09011e69b09315e47a59f0dadbf6dd275d05fc897cb5db6,182,183,2031,68,53,696.97,output/extract_table68/evidence/pdf_page_183.png
Dundas,municipality,2688,576,560,1136,0.42,216,0.080,5.26,acres,data/raw/abs_1911_census/1911 Census - Volume III - Part XIII Dwellings.pdf,d2a7f6b00a4c9e31c09011e69b09315e47a59f0dadbf6dd275d05fc897cb5db6,182,183,2031,68,54,704.88,output/extract_table68/evidence/pdf_page_183.png
Dungog,municipality,2701,820,703,1523,0.56,458,0.170,3.33,acres,data/raw/abs_1911_census/1911 Census - Volume III - Part XIII Dwellings.pdf,d2a7f6b00a4c9e31c09011e69b09315e47a59f0dadbf6dd275d05fc897cb5db6,182,183,2031,68,55,713.05,output/extract_table68/evidence/pdf_page_183.png
Eastwood,municipality,2931,521,447,968,0.33,219,0.075,4.42,acres,data/raw/abs_1911_census/1911 Census - Volume III - Part XIII Dwellings.pdf,d2a7f6b00a4c9e31c09011e69b09315e47a59f0dadbf6dd275d05fc897cb5db6,182,183,2031,68,56,728.88,output/extract_table68/evidence/pdf_page_183.png
Enfield,municipality,1696,1695,1749,3444,2.03,718,0.423,4.80,acres,data/raw/abs_1911_census/1911 Census - Volume III - Part XIII Dwellings.pdf,d2a7f6b00a4c9e31c09011e69b09315e47a59f0dadbf6dd275d05fc897cb5db6,182,183,2031,68,57,736.8,output/extract_table68/evidence/pdf_page_183.png
Ermington and Rydalmere,municipality,2048,909,807,1716,0.84,138,0.067,12.43,acres,data/raw/abs_1911_census/1911 Census - Volume III - Part XIII Dwellings.pdf,d2a7f6b00a4c9e31c09011e69b09315e47a59f0dadbf6dd275d05fc897cb5db6,182,183,2031,68,58,744.89,output/extract_table68/evidence/pdf_page_183.png
Erskineville,municipality,166,3583,3716,7299,43.97,1551,9.343,4.71,acres,data/raw/abs_1911_census/1911 Census - Volume III - Part XIII Dwellings.pdf,d2a7f6b00a4c9e31c09011e69b09315e47a59f0dadbf6dd275d05fc897cb5db6,182,183,2031,68,59,752.88,output/extract_table68/evidence/pdf_page_183.png
Forbes,municipality,32000,2192,2244,4436,0.14,904,0.028,4.91,acres,data/raw/abs_1911_census/1911 Census - Volume III - Part XIII Dwellings.pdf,d2a7f6b00a4c9e31c09011e69b09315e47a59f0dadbf6dd275d05fc897cb5db6,182,183,2031,68,60,760.8,output/extract_table68/evidence/pdf_page_183.png
Gerringong,municipality,27360,417,377,794,0.03,162,0.006,4.90,acres,data/raw/abs_1911_census/1911 Census - Volume III - Part XIII Dwellings.pdf,d2a7f6b00a4c9e31c09011e69b09315e47a59f0dadbf6dd275d05fc897cb5db6,182,183,2031,68,61,776.88,output/extract_table68/evidence/pdf_page_183.png
Glebe,municipality,521,10450,11493,21943,42.12,4202,8.065,5.22,acres,data/raw/abs_1911_census/1911 Census - Volume III - Part XIII Dwellings.pdf,d2a7f6b00a4c9e31c09011e69b09315e47a59f0dadbf6dd275d05fc897cb5db6,182,183,2031,68,62,784.81,output/extract_table68/evidence/pdf_page_183.png
Glen Innes,municipality,25600,2013,2076,4089,0.16,762,0.030,5.37,acres,data/raw/abs_1911_census/1911 Census - Volume III - Part XIII Dwellings.pdf,d2a7f6b00a4c9e31c09011e69b09315e47a59f0dadbf6dd275d05fc897cb5db6,182,183,2031,68,63,792.97,output/extract_table68/evidence/pdf_page_183.png
Goulburn,municipality,8320,4831,5192,10023,1.20,1985,0.239,5.05,acres,data/raw/abs_1911_census/1911 Census - Volume III - Part XIII Dwellings.pdf,d2a7f6b00a4c9e31c09011e69b09315e47a59f0dadbf6dd275d05fc897cb5db6,182,183,2031,68,64,800.89,output/extract_table68/evidence/pdf_page_183.png
Grafton,municipality,2520,2288,2393,4681,1.86,947,0.376,4.94,acres,data/raw/abs_1911_census/1911 Census - Volume III - Part XIII Dwellings.pdf,d2a7f6b00a4c9e31c09011e69b09315e47a59f0dadbf6dd275d05fc897cb5db6,182,183,2031,68,65,808.81,output/extract_table68/evidence/pdf_page_183.png
"Grafton, South",municipality,1552,610,597,1207,0.78,224,0.144,5.39,acres,data/raw/abs_1911_census/1911 Census - Volume III - Part XIII Dwellings.pdf,d2a7f6b00a4c9e31c09011e69b09315e47a59f0dadbf6dd275d05fc897cb5db6,183,184,2032,68,1,187.76,output/extract_table68/evidence/pdf_page_184.png
Granville,municipality,4109,3547,3684,7231,1.76,1485,0.361,4.87,acres,data/raw/abs_1911_census/1911 Census - Volume III - Part XIII Dwellings.pdf,d2a7f6b00a4c9e31c09011e69b09315e47a59f0dadbf6dd275d05fc897cb5db6,183,184,2032,68,2,195.96,output/extract_table68/evidence/pdf_page_184.png
Grenfell,municipality,346,599,546,1145,3.31,237,0.685,4.83,acres,data/raw/abs_1911_census/1911 Census - Volume III - Part XIII Dwellings.pdf,d2a7f6b00a4c9e31c09011e69b09315e47a59f0dadbf6dd275d05fc897cb5db6,183,184,2032,68,3,204.0,output/extract_table68/evidence/pdf_page_184.png
Greta,municipality,3072,468,390,858,0.28,196,0.064,4.38,acres,data/raw/abs_1911_census/1911 Census - Volume III - Part XIII Dwellings.pdf,d2a7f6b00a4c9e31c09011e69b09315e47a59f0dadbf6dd275d05fc897cb5db6,183,184,2032,68,4,212.16,output/extract_table68/evidence/pdf_page_184.png
Gulgong,municipality,20480,876,860,1736,0.08,383,0.019,4.53,acres,data/raw/abs_1911_census/1911 Census - Volume III - Part XIII Dwellings.pdf,d2a7f6b00a4c9e31c09011e69b09315e47a59f0dadbf6dd275d05fc897cb5db6,183,184,2032,68,5,220.2,output/extract_table68/evidence/pdf_page_184.png
Gundagai,municipality,2080,592,589,1181,0.57,246,0.118,4.80,acres,data/raw/abs_1911_census/1911 Census - Volume III - Part XIII Dwellings.pdf,d2a7f6b00a4c9e31c09011e69b09315e47a59f0dadbf6dd275d05fc897cb5db6,183,184,2032,68,6,236.28,output/extract_table68/evidence/pdf_page_184.png
Gunnedah,municipality,2656,1513,1492,3005,1.13,578,0.218,5.20,acres,data/raw/abs_1911_census/1911 Census - Volume III - Part XIII Dwellings.pdf,d2a7f6b00a4c9e31c09011e69b09315e47a59f0dadbf6dd275d05fc897cb5db6,183,184,2032,68,7,244.33,output/extract_table68/evidence/pdf_page_184.png
Hamilton,municipality,1664,3904,4004,7908,4.75,1721,1.034,4.60,acres,data/raw/abs_1911_census/1911 Census - Volume III - Part XIII Dwellings.pdf,d2a7f6b00a4c9e31c09011e69b09315e47a59f0dadbf6dd275d05fc897cb5db6,183,184,2032,68,8,252.25,output/extract_table68/evidence/pdf_page_184.png
Hay,municipality,32000,1165,1296,2461,0.08,561,0.018,4.39,acres,data/raw/abs_1911_census/1911 Census - Volume III - Part XIII Dwellings.pdf,d2a7f6b00a4c9e31c09011e69b09315e47a59f0dadbf6dd275d05fc897cb5db6,183,184,2032,68,9,260.4,output/extract_table68/evidence/pdf_page_184.png
Hillgrove,municipality,2240,796,785,1581,0.71,332,0.148,4.76,acres,data/raw/abs_1911_census/1911 Census - Volume III - Part XIII Dwellings.pdf,d2a7f6b00a4c9e31c09011e69b09315e47a59f0dadbf6dd275d05fc897cb5db6,183,184,2032,68,10,268.2,output/extract_table68/evidence/pdf_page_184.png
Hillston,municipality,32000,334,310,644,0.02,141,0.004,4.57,acres,data/raw/abs_1911_census/1911 Census - Volume III - Part XIII Dwellings.pdf,d2a7f6b00a4c9e31c09011e69b09315e47a59f0dadbf6dd275d05fc897cb5db6,183,184,2032,68,11,284.28,output/extract_table68/evidence/pdf_page_184.png
Homebush,municipality,640,355,321,676,1.06,137,0.214,4.93,acres,data/raw/abs_1911_census/1911 Census - Volume III - Part XIII Dwellings.pdf,d2a7f6b00a4c9e31c09011e69b09315e47a59f0dadbf6dd275d05fc897cb5db6,183,184,2032,68,12,292.33,output/extract_table68/evidence/pdf_page_184.png
Hunters' Hill,municipality,1325,2605,2408,5013,3.78,693,0.523,7.23,acres,data/raw/abs_1911_census/1911 Census - Volume III - Part XIII Dwellings.pdf,d2a7f6b00a4c9e31c09011e69b09315e47a59f0dadbf6dd275d05fc897cb5db6,183,184,2032,68,13,300.09,output/extract_table68/evidence/pdf_page_184.png
Hurstville,municipality,6750,3187,3346,6533,0.97,1434,0.212,4.56,acres,data/raw/abs_1911_census/1911 Census - Volume III - Part XIII Dwellings.pdf,d2a7f6b00a4c9e31c09011e69b09315e47a59f0dadbf6dd275d05fc897cb5db6,183,184,2032,68,14,308.28,output/extract_table68/evidence/pdf_page_184.png
"Illawarra, Central",municipality,75776,2766,2234,5000,0.07,1043,0.014,4.79,acres,data/raw/abs_1911_census/1911 Census - Volume III - Part XIII Dwellings.pdf,d2a7f6b00a4c9e31c09011e69b09315e47a59f0dadbf6dd275d05fc897cb5db6,183,184,2032,68,15,316.16,output/extract_table68/evidence/pdf_page_184.png
"Illawarra, North",municipality,7360,2765,2392,5157,0.70,1058,0.144,4.87,acres,data/raw/abs_1911_census/1911 Census - Volume III - Part XIII Dwellings.pdf,d2a7f6b00a4c9e31c09011e69b09315e47a59f0dadbf6dd275d05fc897cb5db6,183,184,2032,68,16,332.32,output/extract_table68/evidence/pdf_page_184.png
Ingleburn,municipality,6592,167,212,379,0.06,87,0.013,4.36,acres,data/raw/abs_1911_census/1911 Census - Volume III - Part XIII Dwellings.pdf,d2a7f6b00a4c9e31c09011e69b09315e47a59f0dadbf6dd275d05fc897cb5db6,183,184,2032,68,17,340.45,output/extract_table68/evidence/pdf_page_184.png
Inverell,municipality,10370,2247,2302,4549,0.44,833,0.080,5.46,acres,data/raw/abs_1911_census/1911 Census - Volume III - Part XIII Dwellings.pdf,d2a7f6b00a4c9e31c09011e69b09315e47a59f0dadbf6dd275d05fc897cb5db6,183,184,2032,68,18,348.48,output/extract_table68/evidence/pdf_page_184.png
Jamberoo,municipality,40640,575,525,1100,0.03,233,0.006,4.72,acres,data/raw/abs_1911_census/1911 Census - Volume III - Part XIII Dwellings.pdf,d2a7f6b00a4c9e31c09011e69b09315e47a59f0dadbf6dd275d05fc897cb5db6,183,184,2032,68,19,356.64,output/extract_table68/evidence/pdf_page_184.png
Jerilderie,municipality,32000,385,333,718,0.02,149,0.005,4.82,acres,data/raw/abs_1911_census/1911 Census - Volume III - Part XIII Dwellings.pdf,d2a7f6b00a4c9e31c09011e69b09315e47a59f0dadbf6dd275d05fc897cb5db6,183,184,2032,68,20,364.69,output/extract_table68/evidence/pdf_page_184.png
Junee,municipality,5517,1296,1235,2531,0.46,480,0.087,5.27,acres,data/raw/abs_1911_census/1911 Census - Volume III - Part XIII Dwellings.pdf,d2a7f6b00a4c9e31c09011e69b09315e47a59f0dadbf6dd275d05fc897cb5db6,183,184,2032,68,21,380.64,output/extract_table68/evidence/pdf_page_184.png
Katoomba,municipality,7424,1955,2968,4923,0.66,778,0.105,6.33,acres,data/raw/abs_1911_census/1911 Census - Volume III - Part XIII Dwellings.pdf,d2a7f6b00a4c9e31c09011e69b09315e47a59f0dadbf6dd275d05fc897cb5db6,183,184,2032,68,22,388.57,output/extract_table68/evidence/pdf_page_184.png
Kempsey,municipality,4051,1382,1480,2862,0.71,568,0.140,5.04,acres,data/raw/abs_1911_census/1911 Census - Volume III - Part XIII Dwellings.pdf,d2a7f6b00a4c9e31c09011e69b09315e47a59f0dadbf6dd275d05fc897cb5db6,183,184,2032,68,23,396.6,output/extract_table68/evidence/pdf_page_184.png
Kiama,municipality,2304,793,808,1601,0.69,353,0.153,4.54,acres,data/raw/abs_1911_census/1911 Census - Volume III - Part XIII Dwellings.pdf,d2a7f6b00a4c9e31c09011e69b09315e47a59f0dadbf6dd275d05fc897cb5db6,183,184,2032,68,24,404.65,output/extract_table68/evidence/pdf_page_184.png
Kogarah,municipality,4448,3429,3524,6953,1.56,1524,0.343,4.56,acres,data/raw/abs_1911_census/1911 Census - Volume III - Part XIII Dwellings.pdf,d2a7f6b00a4c9e31c09011e69b09315e47a59f0dadbf6dd275d05fc897cb5db6,183,184,2032,68,25,412.68,output/extract_table68/evidence/pdf_page_184.png
Lambton,municipality,807,1376,1420,2796,3.46,649,0.804,4.31,acres,data/raw/abs_1911_census/1911 Census - Volume III - Part XIII Dwellings.pdf,d2a7f6b00a4c9e31c09011e69b09315e47a59f0dadbf6dd275d05fc897cb5db6,183,184,2032,68,26,420.72,output/extract_table68/evidence/pdf_page_184.png
"Lambton, New",municipality,2560,933,894,1827,0.71,421,0.164,4.34,acres,data/raw/abs_1911_census/1911 Census - Volume III - Part XIII Dwellings.pdf,d2a7f6b00a4c9e31c09011e69b09315e47a59f0dadbf6dd275d05fc897cb5db6,183,184,2032,68,27,428.48,output/extract_table68/evidence/pdf_page_184.png
Lane Cove,municipality,2496,1639,1667,3306,1.32,656,0.263,5.04,acres,data/raw/abs_1911_census/1911 Census - Volume III - Part XIII Dwellings.pdf,d2a7f6b00a4c9e31c09011e69b09315e47a59f0dadbf6dd275d05fc897cb5db6,183,184,2032,68,28,436.68,output/extract_table68/evidence/pdf_page_184.png
Leichhardt,municipality,1170,11828,12426,24254,20.73,4909,4.196,4.94,acres,data/raw/abs_1911_census/1911 Census - Volume III - Part XIII Dwellings.pdf,d2a7f6b00a4c9e31c09011e69b09315e47a59f0dadbf6dd275d05fc897cb5db6,183,184,2032,68,29,444.6,output/extract_table68/evidence/pdf_page_184.png
Lismore,municipality,14061,3824,3557,7381,0.52,1394,0.099,5.29,acres,data/raw/abs_1911_census/1911 Census - Volume III - Part XIII Dwellings.pdf,d2a7f6b00a4c9e31c09011e69b09315e47a59f0dadbf6dd275d05fc897cb5db6,183,184,2032,68,30,452.65,output/extract_table68/evidence/pdf_page_184.png
Lithgow,municipality,4192,4302,3894,8196,1.96,1644,0.392,4.99,acres,data/raw/abs_1911_census/1911 Census - Volume III - Part XIII Dwellings.pdf,d2a7f6b00a4c9e31c09011e69b09315e47a59f0dadbf6dd275d05fc897cb5db6,183,184,2032,68,31,468.72,output/extract_table68/evidence/pdf_page_184.png
Liverpool,municipality,43008,2206,1732,3938,0.09,718,0.017,5.48,acres,data/raw/abs_1911_census/1911 Census - Volume III - Part XIII Dwellings.pdf,d2a7f6b00a4c9e31c09011e69b09315e47a59f0dadbf6dd275d05fc897cb5db6,183,184,2032,68,32,476.65,output/extract_table68/evidence/pdf_page_184.png
Maclean,municipality,1184,726,780,1506,1.27,308,0.260,4.89,acres,data/raw/abs_1911_census/1911 Census - Volume III - Part XIII Dwellings.pdf,d2a7f6b00a4c9e31c09011e69b09315e47a59f0dadbf6dd275d05fc897cb5db6,183,184,2032,68,33,484.81,output/extract_table68/evidence/pdf_page_184.png
"Maitland, East",municipality,4538,1474,1629,3103,0.68,637,0.140,4.87,acres,data/raw/abs_1911_census/1911 Census - Volume III - Part XIII Dwellings.pdf,d2a7f6b00a4c9e31c09011e69b09315e47a59f0dadbf6dd275d05fc897cb5db6,183,184,2032,68,34,492.56,output/extract_table68/evidence/pdf_page_184.png
"Maitland, West",municipality,9901,3998,4212,8210,0.83,1600,0.162,5.13,acres,data/raw/abs_1911_census/1911 Census - Volume III - Part XIII Dwellings.pdf,d2a7f6b00a4c9e31c09011e69b09315e47a59f0dadbf6dd275d05fc897cb5db6,183,184,2032,68,35,500.65,output/extract_table68/evidence/pdf_page_184.png
Manilla,municipality,640,706,684,1390,2.17,254,0.397,5.47,acres,data/raw/abs_1911_census/1911 Census - Volume III - Part XIII Dwellings.pdf,d2a7f6b00a4c9e31c09011e69b09315e47a59f0dadbf6dd275d05fc897cb5db6,183,184,2032,68,36,508.81,output/extract_table68/evidence/pdf_page_184.png
Manly,municipality,2426,4716,5749,10465,4.31,1853,0.764,5.65,acres,data/raw/abs_1911_census/1911 Census - Volume III - Part XIII Dwellings.pdf,d2a7f6b00a4c9e31c09011e69b09315e47a59f0dadbf6dd275d05fc897cb5db6,183,184,2032,68,37,516.97,output/extract_table68/evidence/pdf_page_184.png
Marrickville,municipality,2016,14338,16315,30653,15.20,6514,3.231,4.71,acres,data/raw/abs_1911_census/1911 Census - Volume III - Part XIII Dwellings.pdf,d2a7f6b00a4c9e31c09011e69b09315e47a59f0dadbf6dd275d05fc897cb5db6,183,184,2032,68,38,524.76,output/extract_table68/evidence/pdf_page_184.png
Merewether,municipality,1114,2082,2069,4151,3.73,904,0.811,4.59,acres,data/raw/abs_1911_census/1911 Census - Volume III - Part XIII Dwellings.pdf,d2a7f6b00a4c9e31c09011e69b09315e47a59f0dadbf6dd275d05fc897cb5db6,183,184,2032,68,39,532.8,output/extract_table68/evidence/pdf_page_184.png
Mittagong,municipality,2304,441,535,976,0.42,205,0.089,4.76,acres,data/raw/abs_1911_census/1911 Census - Volume III - Part XIII Dwellings.pdf,d2a7f6b00a4c9e31c09011e69b09315e47a59f0dadbf6dd275d05fc897cb5db6,183,184,2032,68,40,540.97,output/extract_table68/evidence/pdf_page_184.png
Moama,municipality,32180,427,414,841,0.03,189,0.006,4.45,acres,data/raw/abs_1911_census/1911 Census - Volume III - Part XIII Dwellings.pdf,d2a7f6b00a4c9e31c09011e69b09315e47a59f0dadbf6dd275d05fc897cb5db6,183,184,2032,68,41,556.81,output/extract_table68/evidence/pdf_page_184.png
Molong,municipality,14720,684,687,1371,0.09,278,0.019,4.93,acres,data/raw/abs_1911_census/1911 Census - Volume III - Part XIII Dwellings.pdf,d2a7f6b00a4c9e31c09011e69b09315e47a59f0dadbf6dd275d05fc897cb5db6,183,184,2032,68,42,564.72,output/extract_table68/evidence/pdf_page_184.png
Moree,municipality,8000,1545,1386,2931,0.37,540,0.068,5.43,acres,data/raw/abs_1911_census/1911 Census - Volume III - Part XIII Dwellings.pdf,d2a7f6b00a4c9e31c09011e69b09315e47a59f0dadbf6dd275d05fc897cb5db6,183,184,2032,68,43,572.88,output/extract_table68/evidence/pdf_page_184.png
Morpeth,municipality,666,518,546,1064,1.60,239,0.359,4.45,acres,data/raw/abs_1911_census/1911 Census - Volume III - Part XIII Dwellings.pdf,d2a7f6b00a4c9e31c09011e69b09315e47a59f0dadbf6dd275d05fc897cb5db6,183,184,2032,68,44,580.68,output/extract_table68/evidence/pdf_page_184.png
Moruya,municipality,12160,475,470,945,0.08,216,0.018,4.38,acres,data/raw/abs_1911_census/1911 Census - Volume III - Part XIII Dwellings.pdf,d2a7f6b00a4c9e31c09011e69b09315e47a59f0dadbf6dd275d05fc897cb5db6,183,184,2032,68,45,588.97,output/extract_table68/evidence/pdf_page_184.png
Mosman,municipality,2067,5836,7407,13243,6.41,2687,1.300,4.93,acres,data/raw/abs_1911_census/1911 Census - Volume III - Part XIII Dwellings.pdf,d2a7f6b00a4c9e31c09011e69b09315e47a59f0dadbf6dd275d05fc897cb5db6,183,184,2032,68,46,596.88,output/extract_table68/evidence/pdf_page_184.png
Mossvale,municipality,18240,668,806,1474,0.08,281,0.015,5.25,acres,data/raw/abs_1911_census/1911 Census - Volume III - Part XIII Dwellings.pdf,d2a7f6b00a4c9e31c09011e69b09315e47a59f0dadbf6dd275d05fc897cb5db6,183,184,2032,68,47,604.81,output/extract_table68/evidence/pdf_page_184.png
Mudgee,municipality,749,1381,1561,2942,3.93,621,0.829,4.74,acres,data/raw/abs_1911_census/1911 Census - Volume III - Part XIII Dwellings.pdf,d2a7f6b00a4c9e31c09011e69b09315e47a59f0dadbf6dd275d05fc897cb5db6,183,184,2032,68,48,612.72,output/extract_table68/evidence/pdf_page_184.png
Mulgoa,municipality,18880,219,232,451,0.02,86,0.005,5.24,acres,data/raw/abs_1911_census/1911 Census - Volume III - Part XIII Dwellings.pdf,d2a7f6b00a4c9e31c09011e69b09315e47a59f0dadbf6dd275d05fc897cb5db6,183,184,2032,68,49,620.76,output/extract_table68/evidence/pdf_page_184.png
Mullumbimby,municipality,1120,496,455,951,0.85,188,0.168,5.06,acres,data/raw/abs_1911_census/1911 Census - Volume III - Part XIII Dwellings.pdf,d2a7f6b00a4c9e31c09011e69b09315e47a59f0dadbf6dd275d05fc897cb5db6,183,184,2032,68,50,628.81,output/extract_table68/evidence/pdf_page_184.png
Murrumburrah,municipality,5120,1095,1041,2136,0.42,409,0.080,5.22,acres,data/raw/abs_1911_census/1911 Census - Volume III - Part XIII Dwellings.pdf,d2a7f6b00a4c9e31c09011e69b09315e47a59f0dadbf6dd275d05fc897cb5db6,183,184,2032,68,51,644.88,output/extract_table68/evidence/pdf_page_184.png
Murrurundi,municipality,1280,862,830,1692,1.32,320,0.250,5.29,acres,data/raw/abs_1911_census/1911 Census - Volume III - Part XIII Dwellings.pdf,d2a7f6b00a4c9e31c09011e69b09315e47a59f0dadbf6dd275d05fc897cb5db6,183,184,2032,68,52,652.93,output/extract_table68/evidence/pdf_page_184.png
Murwillumbah,municipality,700,1144,1062,2206,3.15,394,0.563,5.60,acres,data/raw/abs_1911_census/1911 Census - Volume III - Part XIII Dwellings.pdf,d2a7f6b00a4c9e31c09011e69b09315e47a59f0dadbf6dd275d05fc897cb5db6,183,184,2032,68,53,660.84,output/extract_table68/evidence/pdf_page_184.png
Muswellbrook,municipality,1120,885,976,1861,1.66,360,0.321,5.17,acres,data/raw/abs_1911_census/1911 Census - Volume III - Part XIII Dwellings.pdf,d2a7f6b00a4c9e31c09011e69b09315e47a59f0dadbf6dd275d05fc897cb5db6,183,184,2032,68,54,668.88,output/extract_table68/evidence/pdf_page_184.png
Narrabri,municipality,2560,1307,1207,2514,0.98,474,0.185,5.30,acres,data/raw/abs_1911_census/1911 Census - Volume III - Part XIII Dwellings.pdf,d2a7f6b00a4c9e31c09011e69b09315e47a59f0dadbf6dd275d05fc897cb5db6,183,184,2032,68,55,676.8,output/extract_table68/evidence/pdf_page_184.png
"Narrabri, West",municipality,1459,434,372,806,0.55,143,0.098,5.64,acres,data/raw/abs_1911_census/1911 Census - Volume III - Part XIII Dwellings.pdf,d2a7f6b00a4c9e31c09011e69b09315e47a59f0dadbf6dd275d05fc897cb5db6,183,184,2032,68,56,684.71,output/extract_table68/evidence/pdf_page_184.png
Narrandera,municipality,1550,1211,1163,2374,1.53,474,0.306,5.01,acres,data/raw/abs_1911_census/1911 Census - Volume III - Part XIII Dwellings.pdf,d2a7f6b00a4c9e31c09011e69b09315e47a59f0dadbf6dd275d05fc897cb5db6,183,184,2032,68,57,692.87,output/extract_table68/evidence/pdf_page_184.png
Narromine,municipality,755,641,628,1269,1.68,255,0.338,4.98,acres,data/raw/abs_1911_census/1911 Census - Volume III - Part XIII Dwellings.pdf,d2a7f6b00a4c9e31c09011e69b09315e47a59f0dadbf6dd275d05fc897cb5db6,183,184,2032,68,58,700.88,output/extract_table68/evidence/pdf_page_184.png
Newcastle City,municipality,1060,5898,5712,11610,10.95,2269,2.141,5.12,acres,data/raw/abs_1911_census/1911 Census - Volume III - Part XIII Dwellings.pdf,d2a7f6b00a4c9e31c09011e69b09315e47a59f0dadbf6dd275d05fc897cb5db6,183,184,2032,68,59,708.72,output/extract_table68/evidence/pdf_page_184.png
Newtown,municipality,442,12887,13611,26498,59.95,5377,12.165,4.93,acres,data/raw/abs_1911_census/1911 Census - Volume III - Part XIII Dwellings.pdf,d2a7f6b00a4c9e31c09011e69b09315e47a59f0dadbf6dd275d05fc897cb5db6,183,184,2032,68,60,716.76,output/extract_table68/evidence/pdf_page_184.png
Nowra,municipality,15552,911,973,1884,0.12,412,0.026,4.57,acres,data/raw/abs_1911_census/1911 Census - Volume III - Part XIII Dwellings.pdf,d2a7f6b00a4c9e31c09011e69b09315e47a59f0dadbf6dd275d05fc897cb5db6,183,184,2032,68,61,732.72,output/extract_table68/evidence/pdf_page_184.png
Nyngan,municipality,2970,636,564,1200,0.40,295,0.099,4.07,acres,data/raw/abs_1911_census/1911 Census - Volume III - Part XIII Dwellings.pdf,d2a7f6b00a4c9e31c09011e69b09315e47a59f0dadbf6dd275d05fc897cb5db6,183,184,2032,68,62,740.88,output/extract_table68/evidence/pdf_page_184.png
Orange,municipality,640,2040,2180,4220,6.59,774,1.209,5.45,acres,data/raw/abs_1911_census/1911 Census - Volume III - Part XIII Dwellings.pdf,d2a7f6b00a4c9e31c09011e69b09315e47a59f0dadbf6dd275d05fc897cb5db6,183,184,2032,68,63,748.8,output/extract_table68/evidence/pdf_page_184.png
"Orange, East",municipality,685,1227,1274,2501,3.65,500,0.730,5.00,acres,data/raw/abs_1911_census/1911 Census - Volume III - Part XIII Dwellings.pdf,d2a7f6b00a4c9e31c09011e69b09315e47a59f0dadbf6dd275d05fc897cb5db6,183,184,2032,68,64,756.71,output/extract_table68/evidence/pdf_page_184.png
Paddington,municipality,403,11494,12823,24317,60.34,4666,11.578,5.21,acres,data/raw/abs_1911_census/1911 Census - Volume III - Part XIII Dwellings.pdf,d2a7f6b00a4c9e31c09011e69b09315e47a59f0dadbf6dd275d05fc897cb5db6,183,184,2032,68,65,764.88,output/extract_table68/evidence/pdf_page_184.png
Parkes,municipality,10080,1437,1498,2935,0.29,619,0.061,4.74,acres,data/raw/abs_1911_census/1911 Census - Volume III - Part XIII Dwellings.pdf,d2a7f6b00a4c9e31c09011e69b09315e47a59f0dadbf6dd275d05fc897cb5db6,183,184,2032,68,66,772.8,output/extract_table68/evidence/pdf_page_184.png
Parramatta,municipality,2176,6500,5965,12465,5.73,2039,0.937,6.11,acres,data/raw/abs_1911_census/1911 Census - Volume III - Part XIII Dwellings.pdf,d2a7f6b00a4c9e31c09011e69b09315e47a59f0dadbf6dd275d05fc897cb5db6,183,184,2032,68,67,780.84,output/extract_table68/evidence/pdf_page_184.png
Peak Hill,municipality,18560,739,623,1362,0.07,294,0.016,4.63,acres,data/raw/abs_1911_census/1911 Census - Volume III - Part XIII Dwellings.pdf,d2a7f6b00a4c9e31c09011e69b09315e47a59f0dadbf6dd275d05fc897cb5db6,183,184,2032,68,68,788.96,output/extract_table68/evidence/pdf_page_184.png
Penrith,municipality,8678,1788,1894,3682,0.42,772,0.089,4.77,acres,data/raw/abs_1911_census/1911 Census - Volume III - Part XIII Dwellings.pdf,d2a7f6b00a4c9e31c09011e69b09315e47a59f0dadbf6dd275d05fc897cb5db6,183,184,2032,68,69,797.05,output/extract_table68/evidence/pdf_page_184.png
Petersham,municipality,1254,9846,11866,21712,17.31,4479,3.572,4.85,acres,data/raw/abs_1911_census/1911 Census - Volume III - Part XIII Dwellings.pdf,d2a7f6b00a4c9e31c09011e69b09315e47a59f0dadbf6dd275d05fc897cb5db6,184,185,2033,68,1,190.53,output/extract_table68/evidence/pdf_page_185.png
Picton,municipality,2317,476,478,954,0.41,200,0.086,4.77,acres,data/raw/abs_1911_census/1911 Census - Volume III - Part XIII Dwellings.pdf,d2a7f6b00a4c9e31c09011e69b09315e47a59f0dadbf6dd275d05fc897cb5db6,184,185,2033,68,2,198.73,output/extract_table68/evidence/pdf_page_185.png
Plattsburgh,municipality,2566,1353,1308,2661,1.04,616,0.240,4.32,acres,data/raw/abs_1911_census/1911 Census - Volume III - Part XIII Dwellings.pdf,d2a7f6b00a4c9e31c09011e69b09315e47a59f0dadbf6dd275d05fc897cb5db6,184,185,2033,68,3,206.84,output/extract_table68/evidence/pdf_page_185.png
Port Macquarie,municipality,3520,571,548,1119,0.32,240,0.068,4.66,acres,data/raw/abs_1911_census/1911 Census - Volume III - Part XIII Dwellings.pdf,d2a7f6b00a4c9e31c09011e69b09315e47a59f0dadbf6dd275d05fc897cb5db6,184,185,2033,68,4,214.74,output/extract_table68/evidence/pdf_page_185.png
Prospect and Sherwood,municipality,7680,2026,1906,3932,0.51,853,0.111,4.61,acres,data/raw/abs_1911_census/1911 Census - Volume III - Part XIII Dwellings.pdf,d2a7f6b00a4c9e31c09011e69b09315e47a59f0dadbf6dd275d05fc897cb5db6,184,185,2033,68,5,223.03,output/extract_table68/evidence/pdf_page_185.png
Queanbeyan,municipality,4416,624,649,1273,0.29,263,0.060,4.84,acres,data/raw/abs_1911_census/1911 Census - Volume III - Part XIII Dwellings.pdf,d2a7f6b00a4c9e31c09011e69b09315e47a59f0dadbf6dd275d05fc897cb5db6,184,185,2033,68,6,238.99,output/extract_table68/evidence/pdf_page_185.png
Quirindi,municipality,1498,1101,1139,2240,1.50,447,0.298,5.01,acres,data/raw/abs_1911_census/1911 Census - Volume III - Part XIII Dwellings.pdf,d2a7f6b00a4c9e31c09011e69b09315e47a59f0dadbf6dd275d05fc897cb5db6,184,185,2033,68,7,246.97,output/extract_table68/evidence/pdf_page_185.png
Randwick,municipality,8064,9294,10169,19463,2.41,3913,0.485,4.97,acres,data/raw/abs_1911_census/1911 Census - Volume III - Part XIII Dwellings.pdf,d2a7f6b00a4c9e31c09011e69b09315e47a59f0dadbf6dd275d05fc897cb5db6,184,185,2033,68,8,255.11,output/extract_table68/evidence/pdf_page_185.png
Raymond Terrace,municipality,384,414,497,911,2.37,194,0.505,4.70,acres,data/raw/abs_1911_census/1911 Census - Volume III - Part XIII Dwellings.pdf,d2a7f6b00a4c9e31c09011e69b09315e47a59f0dadbf6dd275d05fc897cb5db6,184,185,2033,68,9,263.4,output/extract_table68/evidence/pdf_page_185.png
Redfern,municipality,435,12422,12005,24427,56.15,4436,10.198,5.51,acres,data/raw/abs_1911_census/1911 Census - Volume III - Part XIII Dwellings.pdf,d2a7f6b00a4c9e31c09011e69b09315e47a59f0dadbf6dd275d05fc897cb5db6,184,185,2033,68,10,271.45,output/extract_table68/evidence/pdf_page_185.png
Richmond,municipality,13197,1015,842,1857,0.14,459,0.035,4.05,acres,data/raw/abs_1911_census/1911 Census - Volume III - Part XIII Dwellings.pdf,d2a7f6b00a4c9e31c09011e69b09315e47a59f0dadbf6dd275d05fc897cb5db6,184,185,2033,68,11,287.25,output/extract_table68/evidence/pdf_page_185.png
Rockdale,municipality,5022,6739,7356,14095,2.81,2931,0.584,4.81,acres,data/raw/abs_1911_census/1911 Census - Volume III - Part XIII Dwellings.pdf,d2a7f6b00a4c9e31c09011e69b09315e47a59f0dadbf6dd275d05fc897cb5db6,184,185,2033,68,12,295.43,output/extract_table68/evidence/pdf_page_185.png
Rookwood,municipality,5376,3040,2378,5418,1.01,772,0.144,7.02,acres,data/raw/abs_1911_census/1911 Census - Volume III - Part XIII Dwellings.pdf,d2a7f6b00a4c9e31c09011e69b09315e47a59f0dadbf6dd275d05fc897cb5db6,184,185,2033,68,13,303.33,output/extract_table68/evidence/pdf_page_185.png
Ryde,municipality,7110,2562,2719,5281,0.74,1151,0.162,4.59,acres,data/raw/abs_1911_census/1911 Census - Volume III - Part XIII Dwellings.pdf,d2a7f6b00a4c9e31c09011e69b09315e47a59f0dadbf6dd275d05fc897cb5db6,184,185,2033,68,14,311.31,output/extract_table68/evidence/pdf_page_185.png
St. Marys,municipality,37760,889,905,1794,0.05,389,0.010,4.61,acres,data/raw/abs_1911_census/1911 Census - Volume III - Part XIII Dwellings.pdf,d2a7f6b00a4c9e31c09011e69b09315e47a59f0dadbf6dd275d05fc897cb5db6,184,185,2033,68,15,319.44,output/extract_table68/evidence/pdf_page_185.png
St. Peters,municipality,896,4220,4190,8410,9.39,1678,1.873,5.01,acres,data/raw/abs_1911_census/1911 Census - Volume III - Part XIII Dwellings.pdf,d2a7f6b00a4c9e31c09011e69b09315e47a59f0dadbf6dd275d05fc897cb5db6,184,185,2033,68,16,335.52,output/extract_table68/evidence/pdf_page_185.png
Scone,municipality,794,595,561,1156,1.46,235,0.296,4.92,acres,data/raw/abs_1911_census/1911 Census - Volume III - Part XIII Dwellings.pdf,d2a7f6b00a4c9e31c09011e69b09315e47a59f0dadbf6dd275d05fc897cb5db6,184,185,2033,68,17,343.47,output/extract_table68/evidence/pdf_page_185.png
Shell Harbour,municipality,38720,788,724,1512,0.04,308,0.008,4.91,acres,data/raw/abs_1911_census/1911 Census - Volume III - Part XIII Dwellings.pdf,d2a7f6b00a4c9e31c09011e69b09315e47a59f0dadbf6dd275d05fc897cb5db6,184,185,2033,68,18,351.55,output/extract_table68/evidence/pdf_page_185.png
"Shoalhaven, South",municipality,25920,382,339,721,0.03,146,0.006,4.94,acres,data/raw/abs_1911_census/1911 Census - Volume III - Part XIII Dwellings.pdf,d2a7f6b00a4c9e31c09011e69b09315e47a59f0dadbf6dd275d05fc897cb5db6,184,185,2033,68,19,359.61,output/extract_table68/evidence/pdf_page_185.png
Singleton,municipality,621,1461,1535,2996,4.82,614,0.989,4.88,acres,data/raw/abs_1911_census/1911 Census - Volume III - Part XIII Dwellings.pdf,d2a7f6b00a4c9e31c09011e69b09315e47a59f0dadbf6dd275d05fc897cb5db6,184,185,2033,68,20,367.66,output/extract_table68/evidence/pdf_page_185.png
Smithfield and Fairfield,municipality,15360,1142,1084,2226,0.14,493,0.032,4.52,acres,data/raw/abs_1911_census/1911 Census - Volume III - Part XIII Dwellings.pdf,d2a7f6b00a4c9e31c09011e69b09315e47a59f0dadbf6dd275d05fc897cb5db6,184,185,2033,68,21,383.84,output/extract_table68/evidence/pdf_page_185.png
Stockton,municipality,768,964,1142,2106,2.74,428,0.557,4.92,acres,data/raw/abs_1911_census/1911 Census - Volume III - Part XIII Dwellings.pdf,d2a7f6b00a4c9e31c09011e69b09315e47a59f0dadbf6dd275d05fc897cb5db6,184,185,2033,68,22,391.67,output/extract_table68/evidence/pdf_page_185.png
Strathfield,municipality,1792,1709,2337,4046,2.26,809,0.451,5.00,acres,data/raw/abs_1911_census/1911 Census - Volume III - Part XIII Dwellings.pdf,d2a7f6b00a4c9e31c09011e69b09315e47a59f0dadbf6dd275d05fc897cb5db6,184,185,2033,68,23,400.06,output/extract_table68/evidence/pdf_page_185.png
Sydney,municipality,3327,59685,53236,112921,33.94,18463,5.549,6.12,acres,data/raw/abs_1911_census/1911 Census - Volume III - Part XIII Dwellings.pdf,d2a7f6b00a4c9e31c09011e69b09315e47a59f0dadbf6dd275d05fc897cb5db6,184,185,2033,68,24,407.77,output/extract_table68/evidence/pdf_page_185.png
"Sydney, North",municipality,2067,15625,19021,34646,16.76,7200,3.483,4.81,acres,data/raw/abs_1911_census/1911 Census - Volume III - Part XIII Dwellings.pdf,d2a7f6b00a4c9e31c09011e69b09315e47a59f0dadbf6dd275d05fc897cb5db6,184,185,2033,68,25,416.08,output/extract_table68/evidence/pdf_page_185.png
Tamworth,municipality,5274,3592,3553,7145,1.35,1378,0.261,5.19,acres,data/raw/abs_1911_census/1911 Census - Volume III - Part XIII Dwellings.pdf,d2a7f6b00a4c9e31c09011e69b09315e47a59f0dadbf6dd275d05fc897cb5db6,184,185,2033,68,26,431.97,output/extract_table68/evidence/pdf_page_185.png
Taree,municipality,294,612,593,1205,4.10,235,0.799,5.13,acres,data/raw/abs_1911_census/1911 Census - Volume III - Part XIII Dwellings.pdf,d2a7f6b00a4c9e31c09011e69b09315e47a59f0dadbf6dd275d05fc897cb5db6,184,185,2033,68,27,439.94,output/extract_table68/evidence/pdf_page_185.png
Temora,municipality,5760,1459,1325,2784,0.48,594,0.103,4.69,acres,data/raw/abs_1911_census/1911 Census - Volume III - Part XIII Dwellings.pdf,d2a7f6b00a4c9e31c09011e69b09315e47a59f0dadbf6dd275d05fc897cb5db6,184,185,2033,68,28,447.84,output/extract_table68/evidence/pdf_page_185.png
Tenterfield,municipality,29440,1328,1464,2792,0.09,539,0.018,5.18,acres,data/raw/abs_1911_census/1911 Census - Volume III - Part XIII Dwellings.pdf,d2a7f6b00a4c9e31c09011e69b09315e47a59f0dadbf6dd275d05fc897cb5db6,184,185,2033,68,29,455.97,output/extract_table68/evidence/pdf_page_185.png
Tumut,municipality,1120,762,755,1517,1.35,300,0.268,5.06,acres,data/raw/abs_1911_census/1911 Census - Volume III - Part XIII Dwellings.pdf,d2a7f6b00a4c9e31c09011e69b09315e47a59f0dadbf6dd275d05fc897cb5db6,184,185,2033,68,30,463.93,output/extract_table68/evidence/pdf_page_185.png
Ulladulla,municipality,28160,773,729,1502,0.05,303,0.011,4.96,acres,data/raw/abs_1911_census/1911 Census - Volume III - Part XIII Dwellings.pdf,d2a7f6b00a4c9e31c09011e69b09315e47a59f0dadbf6dd275d05fc897cb5db6,184,185,2033,68,31,472.06,output/extract_table68/evidence/pdf_page_185.png
Ulmarra,municipality,28000,958,874,1832,0.07,346,0.012,5.29,acres,data/raw/abs_1911_census/1911 Census - Volume III - Part XIII Dwellings.pdf,d2a7f6b00a4c9e31c09011e69b09315e47a59f0dadbf6dd275d05fc897cb5db6,184,185,2033,68,32,479.99,output/extract_table68/evidence/pdf_page_185.png
Uralla,municipality,320,497,522,1019,3.18,186,0.581,5.48,acres,data/raw/abs_1911_census/1911 Census - Volume III - Part XIII Dwellings.pdf,d2a7f6b00a4c9e31c09011e69b09315e47a59f0dadbf6dd275d05fc897cb5db6,184,185,2033,68,33,487.94,output/extract_table68/evidence/pdf_page_185.png
Vaucluse,municipality,768,768,904,1672,2.18,324,0.422,5.16,acres,data/raw/abs_1911_census/1911 Census - Volume III - Part XIII Dwellings.pdf,d2a7f6b00a4c9e31c09011e69b09315e47a59f0dadbf6dd275d05fc897cb5db6,184,185,2033,68,34,495.83,output/extract_table68/evidence/pdf_page_185.png
Wagga Wagga,municipality,5766,3238,3181,6419,1.11,1230,0.213,5.22,acres,data/raw/abs_1911_census/1911 Census - Volume III - Part XIII Dwellings.pdf,d2a7f6b00a4c9e31c09011e69b09315e47a59f0dadbf6dd275d05fc897cb5db6,184,185,2033,68,35,504.16,output/extract_table68/evidence/pdf_page_185.png
Walcha,municipality,18880,664,670,1334,0.07,238,0.013,5.61,acres,data/raw/abs_1911_census/1911 Census - Volume III - Part XIII Dwellings.pdf,d2a7f6b00a4c9e31c09011e69b09315e47a59f0dadbf6dd275d05fc897cb5db6,184,185,2033,68,36,512.17,output/extract_table68/evidence/pdf_page_185.png
Wallendbeen,municipality,63360,578,441,1019,0.02,197,0.003,5.17,acres,data/raw/abs_1911_census/1911 Census - Volume III - Part XIII Dwellings.pdf,d2a7f6b00a4c9e31c09011e69b09315e47a59f0dadbf6dd275d05fc897cb5db6,184,185,2033,68,37,528.18,output/extract_table68/evidence/pdf_page_185.png
Wallsend,municipality,3206,1693,1653,3346,1.04,700,0.218,4.78,acres,data/raw/abs_1911_census/1911 Census - Volume III - Part XIII Dwellings.pdf,d2a7f6b00a4c9e31c09011e69b09315e47a59f0dadbf6dd275d05fc897cb5db6,184,185,2033,68,38,536.15,output/extract_table68/evidence/pdf_page_185.png
Waratah,municipality,2860,2138,2281,4419,1.55,893,0.312,4.95,acres,data/raw/abs_1911_census/1911 Census - Volume III - Part XIII Dwellings.pdf,d2a7f6b00a4c9e31c09011e69b09315e47a59f0dadbf6dd275d05fc897cb5db6,184,185,2033,68,39,544.32,output/extract_table68/evidence/pdf_page_185.png
Warialda,municipality,5248,383,399,782,0.15,192,0.037,4.07,acres,data/raw/abs_1911_census/1911 Census - Volume III - Part XIII Dwellings.pdf,d2a7f6b00a4c9e31c09011e69b09315e47a59f0dadbf6dd275d05fc897cb5db6,184,185,2033,68,40,552.22,output/extract_table68/evidence/pdf_page_185.png
Warren,municipality,14592,581,561,1142,0.08,227,0.016,5.03,acres,data/raw/abs_1911_census/1911 Census - Volume III - Part XIII Dwellings.pdf,d2a7f6b00a4c9e31c09011e69b09315e47a59f0dadbf6dd275d05fc897cb5db6,184,185,2033,68,41,560.4,output/extract_table68/evidence/pdf_page_185.png
Waterloo,municipality,806,5206,4866,10072,12.50,2073,2.572,4.86,acres,data/raw/abs_1911_census/1911 Census - Volume III - Part XIII Dwellings.pdf,d2a7f6b00a4c9e31c09011e69b09315e47a59f0dadbf6dd275d05fc897cb5db6,184,185,2033,68,42,568.31,output/extract_table68/evidence/pdf_page_185.png
Waverley,municipality,1965,9107,10724,19831,10.09,4211,2.143,4.71,acres,data/raw/abs_1911_census/1911 Census - Volume III - Part XIII Dwellings.pdf,d2a7f6b00a4c9e31c09011e69b09315e47a59f0dadbf6dd275d05fc897cb5db6,184,185,2033,68,43,576.22,output/extract_table68/evidence/pdf_page_185.png
Wellington,municipality,4480,1922,2036,3958,0.88,809,0.181,4.89,acres,data/raw/abs_1911_census/1911 Census - Volume III - Part XIII Dwellings.pdf,d2a7f6b00a4c9e31c09011e69b09315e47a59f0dadbf6dd275d05fc897cb5db6,184,185,2033,68,44,584.36,output/extract_table68/evidence/pdf_page_185.png
Wentworth,municipality,21939,287,271,558,0.03,157,0.007,3.55,acres,data/raw/abs_1911_census/1911 Census - Volume III - Part XIII Dwellings.pdf,d2a7f6b00a4c9e31c09011e69b09315e47a59f0dadbf6dd275d05fc897cb5db6,184,185,2033,68,45,592.29,output/extract_table68/evidence/pdf_page_185.png
Wickham,municipality,966,4260,4174,8434,8.73,1760,1.822,4.79,acres,data/raw/abs_1911_census/1911 Census - Volume III - Part XIII Dwellings.pdf,d2a7f6b00a4c9e31c09011e69b09315e47a59f0dadbf6dd275d05fc897cb5db6,184,185,2033,68,46,600.22,output/extract_table68/evidence/pdf_page_185.png
Wilcannia,municipality,13440,328,342,670,0.05,156,0.012,4.29,acres,data/raw/abs_1911_census/1911 Census - Volume III - Part XIII Dwellings.pdf,d2a7f6b00a4c9e31c09011e69b09315e47a59f0dadbf6dd275d05fc897cb5db6,184,185,2033,68,47,616.3,output/extract_table68/evidence/pdf_page_185.png
Willoughby,municipality,5530,6211,6825,13036,2.36,2623,0.474,4.97,acres,data/raw/abs_1911_census/1911 Census - Volume III - Part XIII Dwellings.pdf,d2a7f6b00a4c9e31c09011e69b09315e47a59f0dadbf6dd275d05fc897cb5db6,184,185,2033,68,48,624.44,output/extract_table68/evidence/pdf_page_185.png
Windsor,municipality,24896,1792,1674,3466,0.14,754,0.030,4.60,acres,data/raw/abs_1911_census/1911 Census - Volume III - Part XIII Dwellings.pdf,d2a7f6b00a4c9e31c09011e69b09315e47a59f0dadbf6dd275d05fc897cb5db6,184,185,2033,68,49,632.39,output/extract_table68/evidence/pdf_page_185.png
Wingham,municipality,2029,531,439,970,0.48,204,0.101,4.75,acres,data/raw/abs_1911_census/1911 Census - Volume III - Part XIII Dwellings.pdf,d2a7f6b00a4c9e31c09011e69b09315e47a59f0dadbf6dd275d05fc897cb5db6,184,185,2033,68,50,640.54,output/extract_table68/evidence/pdf_page_185.png
Wollongong,municipality,1920,2246,2414,4660,2.43,939,0.489,4.96,acres,data/raw/abs_1911_census/1911 Census - Volume III - Part XIII Dwellings.pdf,d2a7f6b00a4c9e31c09011e69b09315e47a59f0dadbf6dd275d05fc897cb5db6,184,185,2033,68,51,648.43,output/extract_table68/evidence/pdf_page_185.png
Woollahra,municipality,1926,7415,9574,16989,8.82,3424,1.778,4.96,acres,data/raw/abs_1911_census/1911 Census - Volume III - Part XIII Dwellings.pdf,d2a7f6b00a4c9e31c09011e69b09315e47a59f0dadbf6dd275d05fc897cb5db6,184,185,2033,68,52,656.61,output/extract_table68/evidence/pdf_page_185.png
Wrightville,municipality,5600,872,696,1568,0.28,354,0.063,4.43,acres,data/raw/abs_1911_census/1911 Census - Volume III - Part XIII Dwellings.pdf,d2a7f6b00a4c9e31c09011e69b09315e47a59f0dadbf6dd275d05fc897cb5db6,184,185,2033,68,53,664.52,output/extract_table68/evidence/pdf_page_185.png
Wyalong,municipality,32000,547,495,1042,0.03,238,0.007,4.38,acres,data/raw/abs_1911_census/1911 Census - Volume III - Part XIII Dwellings.pdf,d2a7f6b00a4c9e31c09011e69b09315e47a59f0dadbf6dd275d05fc897cb5db6,184,185,2033,68,54,672.72,output/extract_table68/evidence/pdf_page_185.png
Yass,municipality,28800,1027,1109,2136,0.07,416,0.014,5.13,acres,data/raw/abs_1911_census/1911 Census - Volume III - Part XIII Dwellings.pdf,d2a7f6b00a4c9e31c09011e69b09315e47a59f0dadbf6dd275d05fc897cb5db6,184,185,2033,68,55,680.67,output/extract_table68/evidence/pdf_page_185.png
Young,municipality,3400,1499,1640,3139,0.92,651,0.191,4.82,acres,data/raw/abs_1911_census/1911 Census - Volume III - Part XIII Dwellings.pdf,d2a7f6b00a4c9e31c09011e69b09315e47a59f0dadbf6dd275d05fc897cb5db6,184,185,2033,68,56,688.81,output/extract_table68/evidence/pdf_page_185.png
Abercrombie,shire,918,2475,2248,4723,5.14,1033,1.125,4.57,square_miles,data/raw/abs_1911_census/1911 Census - Volume III - Part XIII Dwellings.pdf,d2a7f6b00a4c9e31c09011e69b09315e47a59f0dadbf6dd275d05fc897cb5db6,184,185,2033,68,57,728.82,output/extract_table68/evidence/pdf_page_185.png
Adjungbilly,shire,957,1869,1553,3422,3.58,736,0.769,4.65,square_miles,data/raw/abs_1911_census/1911 Census - Volume III - Part XIII Dwellings.pdf,d2a7f6b00a4c9e31c09011e69b09315e47a59f0dadbf6dd275d05fc897cb5db6,184,185,2033,68,58,736.99,output/extract_table68/evidence/pdf_page_185.png
Amaroo,shire,771,1435,1028,2463,3.19,521,0.676,4.73,square_miles,data/raw/abs_1911_census/1911 Census - Volume III - Part XIII Dwellings.pdf,d2a7f6b00a4c9e31c09011e69b09315e47a59f0dadbf6dd275d05fc897cb5db6,184,185,2033,68,59,744.95,output/extract_table68/evidence/pdf_page_185.png
Apsley,shire,2501,1243,966,2209,0.88,443,0.177,4.99,square_miles,data/raw/abs_1911_census/1911 Census - Volume III - Part XIII Dwellings.pdf,d2a7f6b00a4c9e31c09011e69b09315e47a59f0dadbf6dd275d05fc897cb5db6,184,185,2033,68,60,753.14,output/extract_table68/evidence/pdf_page_185.png
Ashford,shire,2100,1455,1035,2490,1.19,536,0.255,4.65,square_miles,data/raw/abs_1911_census/1911 Census - Volume III - Part XIII Dwellings.pdf,d2a7f6b00a4c9e31c09011e69b09315e47a59f0dadbf6dd275d05fc897cb5db6,184,185,2033,68,61,761.03,output/extract_table68/evidence/pdf_page_185.png
Bannockburn,shire,576,2356,1821,4177,7.25,846,1.469,4.94,square_miles,data/raw/abs_1911_census/1911 Census - Volume III - Part XIII Dwellings.pdf,d2a7f6b00a4c9e31c09011e69b09315e47a59f0dadbf6dd275d05fc897cb5db6,184,185,2033,68,62,769.13,output/extract_table68/evidence/pdf_page_185.png
Barraba,shire,1104,1378,1049,2427,2.20,429,0.389,5.66,square_miles,data/raw/abs_1911_census/1911 Census - Volume III - Part XIII Dwellings.pdf,d2a7f6b00a4c9e31c09011e69b09315e47a59f0dadbf6dd275d05fc897cb5db6,184,185,2033,68,63,777.12,output/extract_table68/evidence/pdf_page_185.png
Baulkham Hills,shire,159,1816,1667,3483,21.91,775,4.874,4.49,square_miles,data/raw/abs_1911_census/1911 Census - Volume III - Part XIII Dwellings.pdf,d2a7f6b00a4c9e31c09011e69b09315e47a59f0dadbf6dd275d05fc897cb5db6,184,185,2033,68,64,785.15,output/extract_table68/evidence/pdf_page_185.png
Bellingen,shire,1052,5107,4017,9124,8.67,1832,1.741,4.98,square_miles,data/raw/abs_1911_census/1911 Census - Volume III - Part XIII Dwellings.pdf,d2a7f6b00a4c9e31c09011e69b09315e47a59f0dadbf6dd275d05fc897cb5db6,184,185,2033,68,65,793.19,output/extract_table68/evidence/pdf_page_185.png
Berrigan,shire,808,1983,1413,3396,4.20,664,0.822,5.11,square_miles,data/raw/abs_1911_census/1911 Census - Volume III - Part XIII Dwellings.pdf,d2a7f6b00a4c9e31c09011e69b09315e47a59f0dadbf6dd275d05fc897cb5db6,184,185,2033,68,66,801.35,output/extract_table68/evidence/pdf_page_185.png
Bibbenluke,shire,1422,1589,1350,2939,2.07,667,0.469,4.41,square_miles,data/raw/abs_1911_census/1911 Census - Volume III - Part XIII Dwellings.pdf,d2a7f6b00a4c9e31c09011e69b09315e47a59f0dadbf6dd275d05fc897cb5db6,185,186,2034,69,1,189.15,output/extract_table68/evidence/pdf_page_186.png
Blacktown,shire,102,2018,1829,3847,37.72,841,8.245,4.57,square_miles,data/raw/abs_1911_census/1911 Census - Volume III - Part XIII Dwellings.pdf,d2a7f6b00a4c9e31c09011e69b09315e47a59f0dadbf6dd275d05fc897cb5db6,185,186,2034,69,2,197.31,output/extract_table68/evidence/pdf_page_186.png
Bland,shire,3164,3299,2223,5522,1.75,1123,0.355,4.92,square_miles,data/raw/abs_1911_census/1911 Census - Volume III - Part XIII Dwellings.pdf,d2a7f6b00a4c9e31c09011e69b09315e47a59f0dadbf6dd275d05fc897cb5db6,185,186,2034,69,3,205.5,output/extract_table68/evidence/pdf_page_186.png
Blaxland,shire,1340,5438,4223,9661,7.21,2240,1.672,4.31,square_miles,data/raw/abs_1911_census/1911 Census - Volume III - Part XIII Dwellings.pdf,d2a7f6b00a4c9e31c09011e69b09315e47a59f0dadbf6dd275d05fc897cb5db6,185,186,2034,69,4,213.64,output/extract_table68/evidence/pdf_page_186.png
Blue Mountains,shire,549,3464,3438,6902,12.57,1702,3.100,4.06,square_miles,data/raw/abs_1911_census/1911 Census - Volume III - Part XIII Dwellings.pdf,d2a7f6b00a4c9e31c09011e69b09315e47a59f0dadbf6dd275d05fc897cb5db6,185,186,2034,69,5,221.78,output/extract_table68/evidence/pdf_page_186.png
Bogan,shire,4525,1117,657,1774,0.39,359,0.079,4.94,square_miles,data/raw/abs_1911_census/1911 Census - Volume III - Part XIII Dwellings.pdf,d2a7f6b00a4c9e31c09011e69b09315e47a59f0dadbf6dd275d05fc897cb5db6,185,186,2034,69,6,237.65,output/extract_table68/evidence/pdf_page_186.png
Bolwarra,shire,75,1412,1487,2899,38.65,563,7.507,5.15,square_miles,data/raw/abs_1911_census/1911 Census - Volume III - Part XIII Dwellings.pdf,d2a7f6b00a4c9e31c09011e69b09315e47a59f0dadbf6dd275d05fc897cb5db6,185,186,2034,69,7,245.57,output/extract_table68/evidence/pdf_page_186.png
Boolooroo,shire,3232,1749,971,2720,0.84,569,0.176,4.78,square_miles,data/raw/abs_1911_census/1911 Census - Volume III - Part XIII Dwellings.pdf,d2a7f6b00a4c9e31c09011e69b09315e47a59f0dadbf6dd275d05fc897cb5db6,185,186,2034,69,8,253.71,output/extract_table68/evidence/pdf_page_186.png
Boomi,shire,3638,1832,1021,2853,0.78,517,0.142,5.52,square_miles,data/raw/abs_1911_census/1911 Census - Volume III - Part XIII Dwellings.pdf,d2a7f6b00a4c9e31c09011e69b09315e47a59f0dadbf6dd275d05fc897cb5db6,185,186,2034,69,9,261.89,output/extract_table68/evidence/pdf_page_186.png
Boree,shire,827,2783,2328,5111,6.18,977,1.181,5.23,square_miles,data/raw/abs_1911_census/1911 Census - Volume III - Part XIII Dwellings.pdf,d2a7f6b00a4c9e31c09011e69b09315e47a59f0dadbf6dd275d05fc897cb5db6,185,186,2034,69,10,270.07,output/extract_table68/evidence/pdf_page_186.png
Bulli,shire,136,5453,4670,10123,74.43,2081,15.301,4.86,square_miles,data/raw/abs_1911_census/1911 Census - Volume III - Part XIII Dwellings.pdf,d2a7f6b00a4c9e31c09011e69b09315e47a59f0dadbf6dd275d05fc897cb5db6,185,186,2034,69,11,285.9,output/extract_table68/evidence/pdf_page_186.png
Burrangong,shire,1041,2700,2130,4830,4.64,1084,1.041,4.46,square_miles,data/raw/abs_1911_census/1911 Census - Volume III - Part XIII Dwellings.pdf,d2a7f6b00a4c9e31c09011e69b09315e47a59f0dadbf6dd275d05fc897cb5db6,185,186,2034,69,12,294.27,output/extract_table68/evidence/pdf_page_186.png
Byron,shire,218,3653,2900,6553,30.06,1258,5.771,5.21,square_miles,data/raw/abs_1911_census/1911 Census - Volume III - Part XIII Dwellings.pdf,d2a7f6b00a4c9e31c09011e69b09315e47a59f0dadbf6dd275d05fc897cb5db6,185,186,2034,69,13,302.21,output/extract_table68/evidence/pdf_page_186.png
Cambewarra,shire,196,1063,932,1995,10.18,396,2.020,5.04,square_miles,data/raw/abs_1911_census/1911 Census - Volume III - Part XIII Dwellings.pdf,d2a7f6b00a4c9e31c09011e69b09315e47a59f0dadbf6dd275d05fc897cb5db6,185,186,2034,69,14,310.35,output/extract_table68/evidence/pdf_page_186.png
Canobolas,shire,657,2777,2363,5140,7.82,1058,1.610,4.86,square_miles,data/raw/abs_1911_census/1911 Census - Volume III - Part XIII Dwellings.pdf,d2a7f6b00a4c9e31c09011e69b09315e47a59f0dadbf6dd275d05fc897cb5db6,185,186,2034,69,15,318.51,output/extract_table68/evidence/pdf_page_186.png
Carrathool,shire,4572,1493,835,2328,0.51,511,0.112,4.56,square_miles,data/raw/abs_1911_census/1911 Census - Volume III - Part XIII Dwellings.pdf,d2a7f6b00a4c9e31c09011e69b09315e47a59f0dadbf6dd275d05fc897cb5db6,185,186,2034,69,16,326.43,output/extract_table68/evidence/pdf_page_186.png
Cessnock,shire,763,11483,9535,21018,27.55,4312,5.651,4.87,square_miles,data/raw/abs_1911_census/1911 Census - Volume III - Part XIII Dwellings.pdf,d2a7f6b00a4c9e31c09011e69b09315e47a59f0dadbf6dd275d05fc897cb5db6,185,186,2034,69,17,334.61,output/extract_table68/evidence/pdf_page_186.png
Clyde,shire,1367,1090,859,1949,1.43,414,0.303,4.71,square_miles,data/raw/abs_1911_census/1911 Census - Volume III - Part XIII Dwellings.pdf,d2a7f6b00a4c9e31c09011e69b09315e47a59f0dadbf6dd275d05fc897cb5db6,185,186,2034,69,18,342.54,output/extract_table68/evidence/pdf_page_186.png
Cobbora,shire,1297,2586,2052,4638,3.58,1001,0.772,4.63,square_miles,data/raw/abs_1911_census/1911 Census - Volume III - Part XIII Dwellings.pdf,d2a7f6b00a4c9e31c09011e69b09315e47a59f0dadbf6dd275d05fc897cb5db6,185,186,2034,69,19,350.69,output/extract_table68/evidence/pdf_page_186.png
Cockburn,shire,1140,2476,2021,4497,3.94,884,0.775,5.09,square_miles,data/raw/abs_1911_census/1911 Census - Volume III - Part XIII Dwellings.pdf,d2a7f6b00a4c9e31c09011e69b09315e47a59f0dadbf6dd275d05fc897cb5db6,185,186,2034,69,20,358.84,output/extract_table68/evidence/pdf_page_186.png
Colo,shire,1237,2277,2009,4286,3.46,968,0.783,4.43,square_miles,data/raw/abs_1911_census/1911 Census - Volume III - Part XIII Dwellings.pdf,d2a7f6b00a4c9e31c09011e69b09315e47a59f0dadbf6dd275d05fc897cb5db6,185,186,2034,69,21,374.72,output/extract_table68/evidence/pdf_page_186.png
Conargo,shire,1441,507,199,706,0.49,183,0.127,3.86,square_miles,data/raw/abs_1911_census/1911 Census - Volume III - Part XIII Dwellings.pdf,d2a7f6b00a4c9e31c09011e69b09315e47a59f0dadbf6dd275d05fc897cb5db6,185,186,2034,69,22,382.84,output/extract_table68/evidence/pdf_page_186.png
Coolah,shire,991,834,532,1366,1.38,288,0.291,4.74,square_miles,data/raw/abs_1911_census/1911 Census - Volume III - Part XIII Dwellings.pdf,d2a7f6b00a4c9e31c09011e69b09315e47a59f0dadbf6dd275d05fc897cb5db6,185,186,2034,69,23,391.01,output/extract_table68/evidence/pdf_page_186.png
Coolamon,shire,984,3280,2320,5600,5.69,1137,1.155,4.93,square_miles,data/raw/abs_1911_census/1911 Census - Volume III - Part XIII Dwellings.pdf,d2a7f6b00a4c9e31c09011e69b09315e47a59f0dadbf6dd275d05fc897cb5db6,185,186,2034,69,24,398.93,output/extract_table68/evidence/pdf_page_186.png
Coonabarabran,shire,2772,1679,1399,3078,1.11,571,0.206,5.39,square_miles,data/raw/abs_1911_census/1911 Census - Volume III - Part XIII Dwellings.pdf,d2a7f6b00a4c9e31c09011e69b09315e47a59f0dadbf6dd275d05fc897cb5db6,185,186,2034,69,25,407.05,output/extract_table68/evidence/pdf_page_186.png
Copmanhurst,shire,1143,1469,1132,2601,2.28,553,0.484,4.70,square_miles,data/raw/abs_1911_census/1911 Census - Volume III - Part XIII Dwellings.pdf,d2a7f6b00a4c9e31c09011e69b09315e47a59f0dadbf6dd275d05fc897cb5db6,185,186,2034,69,26,415.22,output/extract_table68/evidence/pdf_page_186.png
Coreen,shire,838,2161,1319,3480,4.15,722,0.862,4.82,square_miles,data/raw/abs_1911_census/1911 Census - Volume III - Part XIII Dwellings.pdf,d2a7f6b00a4c9e31c09011e69b09315e47a59f0dadbf6dd275d05fc897cb5db6,185,186,2034,69,27,423.17,output/extract_table68/evidence/pdf_page_186.png
Crookwell,shire,1401,3376,2847,6223,4.44,1223,0.873,5.09,square_miles,data/raw/abs_1911_census/1911 Census - Volume III - Part XIII Dwellings.pdf,d2a7f6b00a4c9e31c09011e69b09315e47a59f0dadbf6dd275d05fc897cb5db6,185,186,2034,69,28,431.08,output/extract_table68/evidence/pdf_page_186.png
Culcairn,shire,624,2097,1341,3438,5.51,670,1.074,5.13,square_miles,data/raw/abs_1911_census/1911 Census - Volume III - Part XIII Dwellings.pdf,d2a7f6b00a4c9e31c09011e69b09315e47a59f0dadbf6dd275d05fc897cb5db6,185,186,2034,69,29,439.24,output/extract_table68/evidence/pdf_page_186.png
Dalgety,shire,2301,2379,1930,4309,1.87,818,0.355,5.27,square_miles,data/raw/abs_1911_census/1911 Census - Volume III - Part XIII Dwellings.pdf,d2a7f6b00a4c9e31c09011e69b09315e47a59f0dadbf6dd275d05fc897cb5db6,185,186,2034,69,30,447.41,output/extract_table68/evidence/pdf_page_186.png
Demondrille,shire,688,1719,1316,3035,4.41,665,0.967,4.56,square_miles,data/raw/abs_1911_census/1911 Census - Volume III - Part XIII Dwellings.pdf,d2a7f6b00a4c9e31c09011e69b09315e47a59f0dadbf6dd275d05fc897cb5db6,185,186,2034,69,31,463.47,output/extract_table68/evidence/pdf_page_186.png
Dorrigo,shire,2445,4586,3398,7984,3.27,1752,0.717,4.56,square_miles,data/raw/abs_1911_census/1911 Census - Volume III - Part XIII Dwellings.pdf,d2a7f6b00a4c9e31c09011e69b09315e47a59f0dadbf6dd275d05fc897cb5db6,185,186,2034,69,32,471.41,output/extract_table68/evidence/pdf_page_186.png
Dumaresq,shire,1497,2568,2324,4892,3.27,946,0.632,5.17,square_miles,data/raw/abs_1911_census/1911 Census - Volume III - Part XIII Dwellings.pdf,d2a7f6b00a4c9e31c09011e69b09315e47a59f0dadbf6dd275d05fc897cb5db6,185,186,2034,69,33,479.55,output/extract_table68/evidence/pdf_page_186.png
Erina,shire,721,5089,4087,9176,12.73,2049,2.842,4.48,square_miles,data/raw/abs_1911_census/1911 Census - Volume III - Part XIII Dwellings.pdf,d2a7f6b00a4c9e31c09011e69b09315e47a59f0dadbf6dd275d05fc897cb5db6,185,186,2034,69,34,487.51,output/extract_table68/evidence/pdf_page_186.png
Eurobadalla,shire,1621,2291,1935,4226,2.61,933,0.576,4.53,square_miles,data/raw/abs_1911_census/1911 Census - Volume III - Part XIII Dwellings.pdf,d2a7f6b00a4c9e31c09011e69b09315e47a59f0dadbf6dd275d05fc897cb5db6,185,186,2034,69,35,495.62,output/extract_table68/evidence/pdf_page_186.png
Gadara,shire,1270,3553,2997,6550,5.16,1371,1.080,4.78,square_miles,data/raw/abs_1911_census/1911 Census - Volume III - Part XIII Dwellings.pdf,d2a7f6b00a4c9e31c09011e69b09315e47a59f0dadbf6dd275d05fc897cb5db6,185,186,2034,69,36,503.81,output/extract_table68/evidence/pdf_page_186.png
Germanton,shire,1007,1484,1031,2515,2.50,504,0.500,4.99,square_miles,data/raw/abs_1911_census/1911 Census - Volume III - Part XIII Dwellings.pdf,d2a7f6b00a4c9e31c09011e69b09315e47a59f0dadbf6dd275d05fc897cb5db6,185,186,2034,69,37,511.71,output/extract_table68/evidence/pdf_page_186.png
Gilgandra,shire,1720,2570,1736,4306,2.50,964,0.560,4.47,square_miles,data/raw/abs_1911_census/1911 Census - Volume III - Part XIII Dwellings.pdf,d2a7f6b00a4c9e31c09011e69b09315e47a59f0dadbf6dd275d05fc897cb5db6,185,186,2034,69,38,519.63,output/extract_table68/evidence/pdf_page_186.png
Gloucester,shire,1062,2189,1191,3380,3.18,654,0.616,5.17,square_miles,data/raw/abs_1911_census/1911 Census - Volume III - Part XIII Dwellings.pdf,d2a7f6b00a4c9e31c09011e69b09315e47a59f0dadbf6dd275d05fc897cb5db6,185,186,2034,69,39,527.79,output/extract_table68/evidence/pdf_page_186.png
Goobang,shire,2258,3167,2159,5326,2.36,1043,0.462,5.11,square_miles,data/raw/abs_1911_census/1911 Census - Volume III - Part XIII Dwellings.pdf,d2a7f6b00a4c9e31c09011e69b09315e47a59f0dadbf6dd275d05fc897cb5db6,185,186,2034,69,40,535.96,output/extract_table68/evidence/pdf_page_186.png
Goodradigbee,shire,1237,2639,2095,4734,3.83,943,0.762,5.02,square_miles,data/raw/abs_1911_census/1911 Census - Volume III - Part XIII Dwellings.pdf,d2a7f6b00a4c9e31c09011e69b09315e47a59f0dadbf6dd275d05fc897cb5db6,185,186,2034,69,41,552.02,output/extract_table68/evidence/pdf_page_186.png
Gostwyck,shire,1186,1953,1734,3687,3.11,697,0.588,5.29,square_miles,data/raw/abs_1911_census/1911 Census - Volume III - Part XIII Dwellings.pdf,d2a7f6b00a4c9e31c09011e69b09315e47a59f0dadbf6dd275d05fc897cb5db6,185,186,2034,69,42,560.2,output/extract_table68/evidence/pdf_page_186.png
Gundarimba,shire,189,2311,1970,4281,22.65,795,4.206,5.38,square_miles,data/raw/abs_1911_census/1911 Census - Volume III - Part XIII Dwellings.pdf,d2a7f6b00a4c9e31c09011e69b09315e47a59f0dadbf6dd275d05fc897cb5db6,185,186,2034,69,43,568.1,output/extract_table68/evidence/pdf_page_186.png
Gunning,shire,871,1722,1576,3298,3.79,691,0.793,4.77,square_miles,data/raw/abs_1911_census/1911 Census - Volume III - Part XIII Dwellings.pdf,d2a7f6b00a4c9e31c09011e69b09315e47a59f0dadbf6dd275d05fc897cb5db6,185,186,2034,69,44,576.29,output/extract_table68/evidence/pdf_page_186.png
Guyra,shire,1889,3603,2931,6534,3.46,1454,0.770,4.49,square_miles,data/raw/abs_1911_census/1911 Census - Volume III - Part XIII Dwellings.pdf,d2a7f6b00a4c9e31c09011e69b09315e47a59f0dadbf6dd275d05fc897cb5db6,185,186,2034,69,45,584.22,output/extract_table68/evidence/pdf_page_186.png
Gwydir,shire,1118,1103,828,1931,1.73,388,0.347,4.98,square_miles,data/raw/abs_1911_census/1911 Census - Volume III - Part XIII Dwellings.pdf,d2a7f6b00a4c9e31c09011e69b09315e47a59f0dadbf6dd275d05fc897cb5db6,185,186,2034,69,46,592.37,output/extract_table68/evidence/pdf_page_186.png
Harwood,shire,365,2581,2333,4914,13.46,965,2.644,5.09,square_miles,data/raw/abs_1911_census/1911 Census - Volume III - Part XIII Dwellings.pdf,d2a7f6b00a4c9e31c09011e69b09315e47a59f0dadbf6dd275d05fc897cb5db6,185,186,2034,69,47,600.29,output/extract_table68/evidence/pdf_page_186.png
Hastings,shire,1452,3186,2560,5746,3.96,1214,0.836,4.73,square_miles,data/raw/abs_1911_census/1911 Census - Volume III - Part XIII Dwellings.pdf,d2a7f6b00a4c9e31c09011e69b09315e47a59f0dadbf6dd275d05fc897cb5db6,185,186,2034,69,48,608.44,output/extract_table68/evidence/pdf_page_186.png
Hornsby,shire,203,4409,4492,8901,43.85,1834,9.034,4.85,square_miles,data/raw/abs_1911_census/1911 Census - Volume III - Part XIII Dwellings.pdf,d2a7f6b00a4c9e31c09011e69b09315e47a59f0dadbf6dd275d05fc897cb5db6,185,186,2034,69,49,616.36,output/extract_table68/evidence/pdf_page_186.png
Hume,shire,765,2203,1846,4049,5.29,804,1.051,5.04,square_miles,data/raw/abs_1911_census/1911 Census - Volume III - Part XIII Dwellings.pdf,d2a7f6b00a4c9e31c09011e69b09315e47a59f0dadbf6dd275d05fc897cb5db6,185,186,2034,69,50,624.54,output/extract_table68/evidence/pdf_page_186.png
Illabo,shire,777,1774,1199,2973,3.83,598,0.770,4.97,square_miles,data/raw/abs_1911_census/1911 Census - Volume III - Part XIII Dwellings.pdf,d2a7f6b00a4c9e31c09011e69b09315e47a59f0dadbf6dd275d05fc897cb5db6,185,186,2034,69,51,640.63,output/extract_table68/evidence/pdf_page_186.png
Imlay,shire,1519,2987,2577,5564,3.66,1137,0.749,4.89,square_miles,data/raw/abs_1911_census/1911 Census - Volume III - Part XIII Dwellings.pdf,d2a7f6b00a4c9e31c09011e69b09315e47a59f0dadbf6dd275d05fc897cb5db6,185,186,2034,69,52,648.79,output/extract_table68/evidence/pdf_page_186.png
Jemalong,shire,1804,1993,1286,3279,1.82,728,0.404,4.50,square_miles,data/raw/abs_1911_census/1911 Census - Volume III - Part XIII Dwellings.pdf,d2a7f6b00a4c9e31c09011e69b09315e47a59f0dadbf6dd275d05fc897cb5db6,185,186,2034,69,53,656.68,output/extract_table68/evidence/pdf_page_186.png
Jindalee,shire,531,1050,766,1816,3.42,359,0.676,5.06,square_miles,data/raw/abs_1911_census/1911 Census - Volume III - Part XIII Dwellings.pdf,d2a7f6b00a4c9e31c09011e69b09315e47a59f0dadbf6dd275d05fc897cb5db6,185,186,2034,69,54,664.62,output/extract_table68/evidence/pdf_page_186.png
Kuringai,shire,36,4347,5111,9458,262.72,1884,52.333,5.02,square_miles,data/raw/abs_1911_census/1911 Census - Volume III - Part XIII Dwellings.pdf,d2a7f6b00a4c9e31c09011e69b09315e47a59f0dadbf6dd275d05fc897cb5db6,185,186,2034,69,55,672.76,output/extract_table68/evidence/pdf_page_186.png
Kyeamba,shire,1030,2041,1452,3493,3.39,711,0.690,4.91,square_miles,data/raw/abs_1911_census/1911 Census - Volume III - Part XIII Dwellings.pdf,d2a7f6b00a4c9e31c09011e69b09315e47a59f0dadbf6dd275d05fc897cb5db6,185,186,2034,69,56,680.68,output/extract_table68/evidence/pdf_page_186.png
Kyogle,shire,1321,2287,1552,3839,2.91,842,0.637,4.56,square_miles,data/raw/abs_1911_census/1911 Census - Volume III - Part XIII Dwellings.pdf,d2a7f6b00a4c9e31c09011e69b09315e47a59f0dadbf6dd275d05fc897cb5db6,185,186,2034,69,57,688.62,output/extract_table68/evidence/pdf_page_186.png
Lachlan,shire,5745,2099,1226,3325,0.58,799,0.139,4.16,square_miles,data/raw/abs_1911_census/1911 Census - Volume III - Part XIII Dwellings.pdf,d2a7f6b00a4c9e31c09011e69b09315e47a59f0dadbf6dd275d05fc897cb5db6,185,186,2034,69,58,696.77,output/extract_table68/evidence/pdf_page_186.png
Lake Macquarie,shire,301,8050,6560,14610,48.54,3302,10.970,4.42,square_miles,data/raw/abs_1911_census/1911 Census - Volume III - Part XIII Dwellings.pdf,d2a7f6b00a4c9e31c09011e69b09315e47a59f0dadbf6dd275d05fc897cb5db6,185,186,2034,69,59,704.89,output/extract_table68/evidence/pdf_page_186.png
Liverpool Plains,shire,1961,3346,2305,5651,2.88,1127,0.575,5.01,square_miles,data/raw/abs_1911_census/1911 Census - Volume III - Part XIII Dwellings.pdf,d2a7f6b00a4c9e31c09011e69b09315e47a59f0dadbf6dd275d05fc897cb5db6,185,186,2034,69,60,712.79,output/extract_table68/evidence/pdf_page_186.png
Lockhart,shire,1134,2836,1848,4684,4.13,927,0.817,5.05,square_miles,data/raw/abs_1911_census/1911 Census - Volume III - Part XIII Dwellings.pdf,d2a7f6b00a4c9e31c09011e69b09315e47a59f0dadbf6dd275d05fc897cb5db6,185,186,2034,69,61,728.92,output/extract_table68/evidence/pdf_page_186.png
Lyndhurst,shire,584,3714,3026,6740,11.54,1372,2.349,4.91,square_miles,data/raw/abs_1911_census/1911 Census - Volume III - Part XIII Dwellings.pdf,d2a7f6b00a4c9e31c09011e69b09315e47a59f0dadbf6dd275d05fc897cb5db6,185,186,2034,69,62,737.07,output/extract_table68/evidence/pdf_page_186.png
Macintyre,shire,535,1342,965,2307,4.31,465,0.869,4.96,square_miles,data/raw/abs_1911_census/1911 Census - Volume III - Part XIII Dwellings.pdf,d2a7f6b00a4c9e31c09011e69b09315e47a59f0dadbf6dd275d05fc897cb5db6,185,186,2034,69,63,744.99,output/extract_table68/evidence/pdf_page_186.png
Macleay,shire,1267,3609,3070,6679,5.27,1290,1.018,5.18,square_miles,data/raw/abs_1911_census/1911 Census - Volume III - Part XIII Dwellings.pdf,d2a7f6b00a4c9e31c09011e69b09315e47a59f0dadbf6dd275d05fc897cb5db6,185,186,2034,69,64,753.16,output/extract_table68/evidence/pdf_page_186.png
Macquarie,shire,1185,2722,2060,4782,4.04,1091,0.921,4.38,square_miles,data/raw/abs_1911_census/1911 Census - Volume III - Part XIII Dwellings.pdf,d2a7f6b00a4c9e31c09011e69b09315e47a59f0dadbf6dd275d05fc897cb5db6,185,186,2034,69,65,761.31,output/extract_table68/evidence/pdf_page_186.png
Mandowa,shire,800,996,743,1739,2.17,313,0.391,5.56,square_miles,data/raw/abs_1911_census/1911 Census - Volume III - Part XIII Dwellings.pdf,d2a7f6b00a4c9e31c09011e69b09315e47a59f0dadbf6dd275d05fc897cb5db6,185,186,2034,69,66,769.48,output/extract_table68/evidence/pdf_page_186.png
Manning,shire,1504,5961,5176,11137,7.40,2270,1.509,4.91,square_miles,data/raw/abs_1911_census/1911 Census - Volume III - Part XIII Dwellings.pdf,d2a7f6b00a4c9e31c09011e69b09315e47a59f0dadbf6dd275d05fc897cb5db6,185,186,2034,69,67,777.64,output/extract_table68/evidence/pdf_page_186.png
Marthaguy,shire,4108,1579,886,2465,0.60,517,0.126,4.77,square_miles,data/raw/abs_1911_census/1911 Census - Volume III - Part XIII Dwellings.pdf,d2a7f6b00a4c9e31c09011e69b09315e47a59f0dadbf6dd275d05fc897cb5db6,185,186,2034,69,68,785.56,output/extract_table68/evidence/pdf_page_186.png
Meroo,shire,1176,2064,1653,3717,3.16,915,0.778,4.06,square_miles,data/raw/abs_1911_census/1911 Census - Volume III - Part XIII Dwellings.pdf,d2a7f6b00a4c9e31c09011e69b09315e47a59f0dadbf6dd275d05fc897cb5db6,185,186,2034,69,69,793.75,output/extract_table68/evidence/pdf_page_186.png
Merriwa,shire,1358,1433,1177,2610,1.92,479,0.353,5.45,square_miles,data/raw/abs_1911_census/1911 Census - Volume III - Part XIII Dwellings.pdf,d2a7f6b00a4c9e31c09011e69b09315e47a59f0dadbf6dd275d05fc897cb5db6,185,186,2034,69,70,801.65,output/extract_table68/evidence/pdf_page_186.png
Mitchell,shire,832,2293,1562,3855,4.63,712,0.856,5.41,square_miles,data/raw/abs_1911_census/1911 Census - Volume III - Part XIII Dwellings.pdf,d2a7f6b00a4c9e31c09011e69b09315e47a59f0dadbf6dd275d05fc897cb5db6,186,187,2035,68,1,178.83,output/extract_table68/evidence/pdf_page_187.png
Monaro,shire,1769,1814,1367,3181,1.80,632,0.357,5.03,square_miles,data/raw/abs_1911_census/1911 Census - Volume III - Part XIII Dwellings.pdf,d2a7f6b00a4c9e31c09011e69b09315e47a59f0dadbf6dd275d05fc897cb5db6,186,187,2035,68,2,186.98,output/extract_table68/evidence/pdf_page_187.png
Mulwaree,shire,1949,3730,3279,7009,3.60,1210,0.621,5.79,square_miles,data/raw/abs_1911_census/1911 Census - Volume III - Part XIII Dwellings.pdf,d2a7f6b00a4c9e31c09011e69b09315e47a59f0dadbf6dd275d05fc897cb5db6,186,187,2035,68,3,194.9,output/extract_table68/evidence/pdf_page_187.png
Mumbulla,shire,845,2427,2086,4513,5.34,841,0.995,5.37,square_miles,data/raw/abs_1911_census/1911 Census - Volume III - Part XIII Dwellings.pdf,d2a7f6b00a4c9e31c09011e69b09315e47a59f0dadbf6dd275d05fc897cb5db6,186,187,2035,68,4,203.08,output/extract_table68/evidence/pdf_page_187.png
Murray,shire,1627,1359,999,2358,1.45,467,0.287,5.05,square_miles,data/raw/abs_1911_census/1911 Census - Volume III - Part XIII Dwellings.pdf,d2a7f6b00a4c9e31c09011e69b09315e47a59f0dadbf6dd275d05fc897cb5db6,186,187,2035,68,5,211.22,output/extract_table68/evidence/pdf_page_187.png
Murrumbidgee,shire,1357,457,269,726,0.54,165,0.122,4.40,square_miles,data/raw/abs_1911_census/1911 Census - Volume III - Part XIII Dwellings.pdf,d2a7f6b00a4c9e31c09011e69b09315e47a59f0dadbf6dd275d05fc897cb5db6,186,187,2035,68,6,227.33,output/extract_table68/evidence/pdf_page_187.png
Murrungal,shire,958,1282,1041,2323,2.42,423,0.442,5.49,square_miles,data/raw/abs_1911_census/1911 Census - Volume III - Part XIII Dwellings.pdf,d2a7f6b00a4c9e31c09011e69b09315e47a59f0dadbf6dd275d05fc897cb5db6,186,187,2035,68,7,235.47,output/extract_table68/evidence/pdf_page_187.png
Muswellbrook,shire,1098,1582,1339,2921,2.66,506,0.461,5.77,square_miles,data/raw/abs_1911_census/1911 Census - Volume III - Part XIII Dwellings.pdf,d2a7f6b00a4c9e31c09011e69b09315e47a59f0dadbf6dd275d05fc897cb5db6,186,187,2035,68,8,243.65,output/extract_table68/evidence/pdf_page_187.png
Namoi,shire,5042,4949,3143,8092,1.60,1774,0.352,4.56,square_miles,data/raw/abs_1911_census/1911 Census - Volume III - Part XIII Dwellings.pdf,d2a7f6b00a4c9e31c09011e69b09315e47a59f0dadbf6dd275d05fc897cb5db6,186,187,2035,68,9,251.78,output/extract_table68/evidence/pdf_page_187.png
Narraburra,shire,1096,2487,1684,4171,3.81,812,0.741,5.14,square_miles,data/raw/abs_1911_census/1911 Census - Volume III - Part XIII Dwellings.pdf,d2a7f6b00a4c9e31c09011e69b09315e47a59f0dadbf6dd275d05fc897cb5db6,186,187,2035,68,10,259.71,output/extract_table68/evidence/pdf_page_187.png
Nattai,shire,577,1270,1073,2343,4.06,465,0.806,5.04,square_miles,data/raw/abs_1911_census/1911 Census - Volume III - Part XIII Dwellings.pdf,d2a7f6b00a4c9e31c09011e69b09315e47a59f0dadbf6dd275d05fc897cb5db6,186,187,2035,68,11,275.78,output/extract_table68/evidence/pdf_page_187.png
Nepean,shire,126,759,725,1484,11.78,338,2.683,4.39,square_miles,data/raw/abs_1911_census/1911 Census - Volume III - Part XIII Dwellings.pdf,d2a7f6b00a4c9e31c09011e69b09315e47a59f0dadbf6dd275d05fc897cb5db6,186,187,2035,68,12,283.95,output/extract_table68/evidence/pdf_page_187.png
Nundle,shire,622,902,788,1690,2.72,361,0.580,4.68,square_miles,data/raw/abs_1911_census/1911 Census - Volume III - Part XIII Dwellings.pdf,d2a7f6b00a4c9e31c09011e69b09315e47a59f0dadbf6dd275d05fc897cb5db6,186,187,2035,68,13,291.87,output/extract_table68/evidence/pdf_page_187.png
Oberon,shire,1136,1504,1276,2780,2.45,573,0.504,4.85,square_miles,data/raw/abs_1911_census/1911 Census - Volume III - Part XIII Dwellings.pdf,d2a7f6b00a4c9e31c09011e69b09315e47a59f0dadbf6dd275d05fc897cb5db6,186,187,2035,68,14,299.78,output/extract_table68/evidence/pdf_page_187.png
Orara,shire,528,920,778,1698,3.22,353,0.669,4.81,square_miles,data/raw/abs_1911_census/1911 Census - Volume III - Part XIII Dwellings.pdf,d2a7f6b00a4c9e31c09011e69b09315e47a59f0dadbf6dd275d05fc897cb5db6,186,187,2035,68,15,307.69,output/extract_table68/evidence/pdf_page_187.png
Patrick Plains,shire,1768,3643,3251,6894,3.90,1302,0.736,5.29,square_miles,data/raw/abs_1911_census/1911 Census - Volume III - Part XIII Dwellings.pdf,d2a7f6b00a4c9e31c09011e69b09315e47a59f0dadbf6dd275d05fc897cb5db6,186,187,2035,68,16,324.05,output/extract_table68/evidence/pdf_page_187.png
Peel,shire,674,2524,1698,4222,6.26,883,1.310,4.78,square_miles,data/raw/abs_1911_census/1911 Census - Volume III - Part XIII Dwellings.pdf,d2a7f6b00a4c9e31c09011e69b09315e47a59f0dadbf6dd275d05fc897cb5db6,186,187,2035,68,17,331.94,output/extract_table68/evidence/pdf_page_187.png
Port Stephens,shire,401,2065,1817,3882,9.68,851,2.122,4.56,square_miles,data/raw/abs_1911_census/1911 Census - Volume III - Part XIII Dwellings.pdf,d2a7f6b00a4c9e31c09011e69b09315e47a59f0dadbf6dd275d05fc897cb5db6,186,187,2035,68,18,340.12,output/extract_table68/evidence/pdf_page_187.png
Rylstone,shire,1615,1457,1226,2683,1.66,541,0.335,4.96,square_miles,data/raw/abs_1911_census/1911 Census - Volume III - Part XIII Dwellings.pdf,d2a7f6b00a4c9e31c09011e69b09315e47a59f0dadbf6dd275d05fc897cb5db6,186,187,2035,68,19,348.02,output/extract_table68/evidence/pdf_page_187.png
Severn,shire,2302,3809,3076,6885,2.99,1564,0.679,4.40,square_miles,data/raw/abs_1911_census/1911 Census - Volume III - Part XIII Dwellings.pdf,d2a7f6b00a4c9e31c09011e69b09315e47a59f0dadbf6dd275d05fc897cb5db6,186,187,2035,68,20,356.19,output/extract_table68/evidence/pdf_page_187.png
Stroud,shire,1186,2913,2204,5117,4.31,1361,1.148,3.76,square_miles,data/raw/abs_1911_census/1911 Census - Volume III - Part XIII Dwellings.pdf,d2a7f6b00a4c9e31c09011e69b09315e47a59f0dadbf6dd275d05fc897cb5db6,186,187,2035,68,21,372.26,output/extract_table68/evidence/pdf_page_187.png
Sutherland,shire,144,1448,1448,2896,20.11,653,4.535,4.43,square_miles,data/raw/abs_1911_census/1911 Census - Volume III - Part XIII Dwellings.pdf,d2a7f6b00a4c9e31c09011e69b09315e47a59f0dadbf6dd275d05fc897cb5db6,186,187,2035,68,22,380.43,output/extract_table68/evidence/pdf_page_187.png
Talbragar,shire,1337,2069,1538,3607,2.70,745,0.557,4.84,square_miles,data/raw/abs_1911_census/1911 Census - Volume III - Part XIII Dwellings.pdf,d2a7f6b00a4c9e31c09011e69b09315e47a59f0dadbf6dd275d05fc897cb5db6,186,187,2035,68,23,388.59,output/extract_table68/evidence/pdf_page_187.png
Tallaganda,shire,1296,2064,1686,3750,2.89,864,0.667,4.34,square_miles,data/raw/abs_1911_census/1911 Census - Volume III - Part XIII Dwellings.pdf,d2a7f6b00a4c9e31c09011e69b09315e47a59f0dadbf6dd275d05fc897cb5db6,186,187,2035,68,24,396.76,output/extract_table68/evidence/pdf_page_187.png
Tamarang,shire,1173,2284,1714,3998,3.41,734,0.626,5.45,square_miles,data/raw/abs_1911_census/1911 Census - Volume III - Part XIII Dwellings.pdf,d2a7f6b00a4c9e31c09011e69b09315e47a59f0dadbf6dd275d05fc897cb5db6,186,187,2035,68,25,404.67,output/extract_table68/evidence/pdf_page_187.png
Tarro,shire,184,3521,2971,6492,35.28,1341,7.288,4.84,square_miles,data/raw/abs_1911_census/1911 Census - Volume III - Part XIII Dwellings.pdf,d2a7f6b00a4c9e31c09011e69b09315e47a59f0dadbf6dd275d05fc897cb5db6,186,187,2035,68,26,420.74,output/extract_table68/evidence/pdf_page_187.png
Tenterfield,shire,2777,2923,2230,5153,1.86,1230,0.443,4.19,square_miles,data/raw/abs_1911_census/1911 Census - Volume III - Part XIII Dwellings.pdf,d2a7f6b00a4c9e31c09011e69b09315e47a59f0dadbf6dd275d05fc897cb5db6,186,187,2035,68,27,428.91,output/extract_table68/evidence/pdf_page_187.png
Terania,shire,347,3200,2421,5621,16.20,1131,3.259,4.97,square_miles,data/raw/abs_1911_census/1911 Census - Volume III - Part XIII Dwellings.pdf,d2a7f6b00a4c9e31c09011e69b09315e47a59f0dadbf6dd275d05fc897cb5db6,186,187,2035,68,28,436.82,output/extract_table68/evidence/pdf_page_187.png
Timbrebungie,shire,2178,2429,1677,4106,1.89,756,0.347,5.43,square_miles,data/raw/abs_1911_census/1911 Census - Volume III - Part XIII Dwellings.pdf,d2a7f6b00a4c9e31c09011e69b09315e47a59f0dadbf6dd275d05fc897cb5db6,186,187,2035,68,29,445.0,output/extract_table68/evidence/pdf_page_187.png
Tintenbar,shire,193,3161,2704,5865,30.39,1105,5.725,5.31,square_miles,data/raw/abs_1911_census/1911 Census - Volume III - Part XIII Dwellings.pdf,d2a7f6b00a4c9e31c09011e69b09315e47a59f0dadbf6dd275d05fc897cb5db6,186,187,2035,68,30,452.91,output/extract_table68/evidence/pdf_page_187.png
Tomki,shire,431,1657,1349,3006,6.97,644,1.494,4.67,square_miles,data/raw/abs_1911_census/1911 Census - Volume III - Part XIII Dwellings.pdf,d2a7f6b00a4c9e31c09011e69b09315e47a59f0dadbf6dd275d05fc897cb5db6,186,187,2035,68,31,468.98,output/extract_table68/evidence/pdf_page_187.png
Tumbarumba,shire,1796,1446,1120,2566,1.43,579,0.322,4.43,square_miles,data/raw/abs_1911_census/1911 Census - Volume III - Part XIII Dwellings.pdf,d2a7f6b00a4c9e31c09011e69b09315e47a59f0dadbf6dd275d05fc897cb5db6,186,187,2035,68,32,477.17,output/extract_table68/evidence/pdf_page_187.png
Turon,shire,877,2420,2026,4446,5.07,1100,1.254,4.04,square_miles,data/raw/abs_1911_census/1911 Census - Volume III - Part XIII Dwellings.pdf,d2a7f6b00a4c9e31c09011e69b09315e47a59f0dadbf6dd275d05fc897cb5db6,186,187,2035,68,33,485.3,output/extract_table68/evidence/pdf_page_187.png
Tweed,shire,511,4223,3085,7308,14.30,1534,3.002,4.76,square_miles,data/raw/abs_1911_census/1911 Census - Volume III - Part XIII Dwellings.pdf,d2a7f6b00a4c9e31c09011e69b09315e47a59f0dadbf6dd275d05fc897cb5db6,186,187,2035,68,34,493.22,output/extract_table68/evidence/pdf_page_187.png
Urana,shire,1278,1439,822,2261,1.77,507,0.397,4.46,square_miles,data/raw/abs_1911_census/1911 Census - Volume III - Part XIII Dwellings.pdf,d2a7f6b00a4c9e31c09011e69b09315e47a59f0dadbf6dd275d05fc897cb5db6,186,187,2035,68,35,501.37,output/extract_table68/evidence/pdf_page_187.png
Wakool,shire,2912,1498,825,2323,0.80,452,0.155,5.14,square_miles,data/raw/abs_1911_census/1911 Census - Volume III - Part XIII Dwellings.pdf,d2a7f6b00a4c9e31c09011e69b09315e47a59f0dadbf6dd275d05fc897cb5db6,186,187,2035,68,36,517.47,output/extract_table68/evidence/pdf_page_187.png
Walgett,shire,4348,1983,1217,3200,0.74,648,0.149,4.94,square_miles,data/raw/abs_1911_census/1911 Census - Volume III - Part XIII Dwellings.pdf,d2a7f6b00a4c9e31c09011e69b09315e47a59f0dadbf6dd275d05fc897cb5db6,186,187,2035,68,37,525.62,output/extract_table68/evidence/pdf_page_187.png
Wallarobba,shire,820,3159,2460,5619,6.85,1296,1.580,4.34,square_miles,data/raw/abs_1911_census/1911 Census - Volume III - Part XIII Dwellings.pdf,d2a7f6b00a4c9e31c09011e69b09315e47a59f0dadbf6dd275d05fc897cb5db6,186,187,2035,68,38,533.56,output/extract_table68/evidence/pdf_page_187.png
Waradgery,shire,3617,616,319,935,0.26,216,0.060,4.33,square_miles,data/raw/abs_1911_census/1911 Census - Volume III - Part XIII Dwellings.pdf,d2a7f6b00a4c9e31c09011e69b09315e47a59f0dadbf6dd275d05fc897cb5db6,186,187,2035,68,39,541.71,output/extract_table68/evidence/pdf_page_187.png
Warrah,shire,949,957,643,1600,1.69,344,0.362,4.65,square_miles,data/raw/abs_1911_census/1911 Census - Volume III - Part XIII Dwellings.pdf,d2a7f6b00a4c9e31c09011e69b09315e47a59f0dadbf6dd275d05fc897cb5db6,186,187,2035,68,40,549.62,output/extract_table68/evidence/pdf_page_187.png
Warringah,shire,108,1575,1248,2823,26.14,700,6.481,4.03,square_miles,data/raw/abs_1911_census/1911 Census - Volume III - Part XIII Dwellings.pdf,d2a7f6b00a4c9e31c09011e69b09315e47a59f0dadbf6dd275d05fc897cb5db6,186,187,2035,68,41,565.71,output/extract_table68/evidence/pdf_page_187.png
Waugoola,shire,1084,2928,2334,5262,4.85,1068,0.985,4.93,square_miles,data/raw/abs_1911_census/1911 Census - Volume III - Part XIII Dwellings.pdf,d2a7f6b00a4c9e31c09011e69b09315e47a59f0dadbf6dd275d05fc897cb5db6,186,187,2035,68,42,573.88,output/extract_table68/evidence/pdf_page_187.png
Weddin,shire,1318,2792,1948,4740,3.60,906,0.687,5.23,square_miles,data/raw/abs_1911_census/1911 Census - Volume III - Part XIII Dwellings.pdf,d2a7f6b00a4c9e31c09011e69b09315e47a59f0dadbf6dd275d05fc897cb5db6,186,187,2035,68,43,581.78,output/extract_table68/evidence/pdf_page_187.png
Windouran,shire,1972,510,311,821,0.42,132,0.067,6.22,square_miles,data/raw/abs_1911_census/1911 Census - Volume III - Part XIII Dwellings.pdf,d2a7f6b00a4c9e31c09011e69b09315e47a59f0dadbf6dd275d05fc897cb5db6,186,187,2035,68,44,589.95,output/extract_table68/evidence/pdf_page_187.png
Wingadee,shire,4092,2118,1357,3475,0.85,671,0.164,5.18,square_miles,data/raw/abs_1911_census/1911 Census - Volume III - Part XIII Dwellings.pdf,d2a7f6b00a4c9e31c09011e69b09315e47a59f0dadbf6dd275d05fc897cb5db6,186,187,2035,68,45,598.11,output/extract_table68/evidence/pdf_page_187.png
Wingecarribee,shire,520,1649,1564,3213,6.18,644,1.238,4.99,square_miles,data/raw/abs_1911_census/1911 Census - Volume III - Part XIII Dwellings.pdf,d2a7f6b00a4c9e31c09011e69b09315e47a59f0dadbf6dd275d05fc897cb5db6,186,187,2035,68,46,614.21,output/extract_table68/evidence/pdf_page_187.png
Wollondilly,shire,931,2561,2288,4849,5.21,1028,1.104,4.72,square_miles,data/raw/abs_1911_census/1911 Census - Volume III - Part XIII Dwellings.pdf,d2a7f6b00a4c9e31c09011e69b09315e47a59f0dadbf6dd275d05fc897cb5db6,186,187,2035,68,47,622.1,output/extract_table68/evidence/pdf_page_187.png
Woodburn,shire,564,1602,1336,2938,5.21,571,1.012,5.15,square_miles,data/raw/abs_1911_census/1911 Census - Volume III - Part XIII Dwellings.pdf,d2a7f6b00a4c9e31c09011e69b09315e47a59f0dadbf6dd275d05fc897cb5db6,186,187,2035,68,48,630.27,output/extract_table68/evidence/pdf_page_187.png
Woolooma,shire,1568,2488,2118,4606,2.94,867,0.553,5.31,square_miles,data/raw/abs_1911_census/1911 Census - Volume III - Part XIII Dwellings.pdf,d2a7f6b00a4c9e31c09011e69b09315e47a59f0dadbf6dd275d05fc897cb5db6,186,187,2035,68,49,638.43,output/extract_table68/evidence/pdf_page_187.png
Wunnamurra,shire,1247,472,261,733,0.59,149,0.119,4.92,square_miles,data/raw/abs_1911_census/1911 Census - Volume III - Part XIII Dwellings.pdf,d2a7f6b00a4c9e31c09011e69b09315e47a59f0dadbf6dd275d05fc897cb5db6,186,187,2035,68,50,646.36,output/extract_table68/evidence/pdf_page_187.png
Wyaldra,shire,720,1566,1286,2852,3.96,633,0.879,4.51,square_miles,data/raw/abs_1911_census/1911 Census - Volume III - Part XIII Dwellings.pdf,d2a7f6b00a4c9e31c09011e69b09315e47a59f0dadbf6dd275d05fc897cb5db6,186,187,2035,68,51,662.42,output/extract_table68/evidence/pdf_page_187.png
Yallaroi,shire,2136,1548,981,2529,1.18,429,0.201,5.90,square_miles,data/raw/abs_1911_census/1911 Census - Volume III - Part XIII Dwellings.pdf,d2a7f6b00a4c9e31c09011e69b09315e47a59f0dadbf6dd275d05fc897cb5db6,186,187,2035,68,52,670.58,output/extract_table68/evidence/pdf_page_187.png
Yanko,shire,1901,2210,1291,3501,1.84,883,0.464,3.96,square_miles,data/raw/abs_1911_census/1911 Census - Volume III - Part XIII Dwellings.pdf,d2a7f6b00a4c9e31c09011e69b09315e47a59f0dadbf6dd275d05fc897cb5db6,186,187,2035,68,53,678.73,output/extract_table68/evidence/pdf_page_187.png
Yarrowlumla,shire,1185,1290,1119,2409,2.03,526,0.444,4.58,square_miles,data/raw/abs_1911_census/1911 Census - Volume III - Part XIII Dwellings.pdf,d2a7f6b00a4c9e31c09011e69b09315e47a59f0dadbf6dd275d05fc897cb5db6,186,187,2035,68,54,686.92,output/extract_table68/evidence/pdf_page_187.png
