title,source_url,file_name,local_path,excluded,exclude_reason,status,bytes
2112.0 - Notes of the Commonwealth Statistician,https://www.abs.gov.au/AUSSTATS/free.nsf/log?openagent&1911 Census - Notes of the Commonwealth Statistician.pdf&2112.0&Publication&AA7CD73FF6E6374ACA2578390010304B&&1911&03.04.1911&Latest,1911 Census - Notes of the Commonwealth Statistician.pdf,data\raw\abs_1911_census\1911 Census - Notes of the Commonwealth Statistician.pdf,True,statistician notes/report,excluded,
2112.0 - Volume I - Statistician's Report,https://www.abs.gov.au/AUSSTATS/free.nsf/log?openagent&1911 Census - Volume I Statisticians Report.pdf&2112.0&Publication&A81792B5E5298F70CA25783900108ACB&&1911&03.04.1911&Latest,1911 Census - Volume I Statisticians Report.pdf,data\raw\abs_1911_census\1911 Census - Volume I Statisticians Report.pdf,True,statistician notes/report,excluded,
2112.0 - Volume II - Detailed Tables Index - Parts I - VIII,https://www.abs.gov.au/AUSSTATS/free.nsf/log?openagent&1911 Census - Volume II Detailed Tables Index Parts I - VIII.pdf&2112.0&Publication&064CE7CC353A1DAACA25783900111F2E&&1911&03.04.1911&Latest,1911 Census - Volume II Detailed Tables Index Parts I - VIII.pdf,data\raw\abs_1911_census\1911 Census - Volume II Detailed Tables Index Parts I - VIII.pdf,False,,downloaded,139083
2112.0 - Volume II - Part I Ages,https://www.abs.gov.au/AUSSTATS/free.nsf/log?openagent&1911 Census - Volume II - Part I Ages.pdf&2112.0&Publication&BA69C5C2354E7FD8CA257839001133D4&&1911&03.04.1911&Latest,1911 Census - Volume II - Part I Ages.pdf,data\raw\abs_1911_census\1911 Census - Volume II - Part I Ages.pdf,False,,downloaded,7596273
2112.0 - Volume II - Part II Birthplaces,https://www.abs.gov.au/AUSSTATS/free.nsf/log?openagent&1911 Census - Volume II - Part II Birthplaces.pdf&2112.0&Publication&0354DDBB061331F2CA2578390011E1AF&&1911&03.04.1911&Latest,1911 Census - Volume II - Part II Birthplaces.pdf,data\raw\abs_1911_census\1911 Census - Volume II - Part II Birthplaces.pdf,False,,downloaded,18495577
2112.0 - Volume II - Part III Length of Residence,https://www.abs.gov.au/AUSSTATS/free.nsf/log?openagent&1911 Census - Volume II - Part III Length of Residence.pdf&2112.0&Publication&6396E9486480E4FDCA2578390011FE75&&1911&03.04.1911&Latest,1911 Census - Volume II - Part III Length of Residence.pdf,data\raw\abs_1911_census\1911 Census - Volume II - Part III Length of Residence.pdf,False,,downloaded,2878055
2112.0 - Volume II - Part IV Education,https://www.abs.gov.au/AUSSTATS/free.nsf/log?openagent&1911 Census - Volume II - Part IV Education.pdf&2112.0&Publication&7A23661EC1823B87CA25783900125D23&&1911&03.04.1911&Latest,1911 Census - Volume II - Part IV Education.pdf,data\raw\abs_1911_census\1911 Census - Volume II - Part IV Education.pdf,False,,downloaded,9141740
2112.0 - Volume II - Part V Schooling,https://www.abs.gov.au/AUSSTATS/free.nsf/log?openagent&1911 Census - Volume II - Part V Schooling.pdf&2112.0&Publication&04A9F49F66580D1FCA2578390012E815&&1911&03.04.1911&Latest,1911 Census - Volume II - Part V Schooling.pdf,data\raw\abs_1911_census\1911 Census - Volume II - Part V Schooling.pdf,False,,downloaded,10576998
2112.0 - Volume II - Part VI Religions,https://www.abs.gov.au/AUSSTATS/free.nsf/log?openagent&1911 Census - Volume II - Part VI Religions.pdf&2112.0&Publication&B8982A23D75F18B6CA2578390013015D&&1911&03.04.1911&Latest,1911 Census - Volume II - Part VI Religions.pdf,data\raw\abs_1911_census\1911 Census - Volume II - Part VI Religions.pdf,False,,downloaded,5918693
2112.0 - Volume II - Part VII Blindness and Deaf Mutism,https://www.abs.gov.au/AUSSTATS/free.nsf/log?openagent&1911 Census - Volume II - Part VII Blindness and Deaf Mutism.pdf&2112.0&Publication&D4F2A48AEB507719CA25783900131134&&1911&03.04.1911&Latest,1911 Census - Volume II - Part VII Blindness and Deaf Mutism.pdf,data\raw\abs_1911_census\1911 Census - Volume II - Part VII Blindness and Deaf Mutism.pdf,False,,downloaded,1475929
2112.0 - Volume II - Part VIII Non-European Races,https://www.abs.gov.au/AUSSTATS/free.nsf/log?openagent&1911 Census - Volume II - Part VIII Non-European Races.pdf&2112.0&Publication&F8A631CD75497EA6CA25783900132215&&1911&03.04.1911&Latest,1911 Census - Volume II - Part VIII Non-European Races.pdf,data\raw\abs_1911_census\1911 Census - Volume II - Part VIII Non-European Races.pdf,False,,downloaded,7429493
2112.0 - Volume III - Detailed Tables Index - Parts IX - XIV,https://www.abs.gov.au/AUSSTATS/free.nsf/log?openagent&1911 Census - Volume III Detailed Tables Index Parts IX - XIV.pdf&2112.0&Publication&1A77FDA7ADB23E02CA2578390013A925&&1911&03.04.1911&Latest,1911 Census - Volume III Detailed Tables Index Parts IX - XIV.pdf,data\raw\abs_1911_census\1911 Census - Volume III Detailed Tables Index Parts IX - XIV.pdf,False,,downloaded,138302
2112.0 - Volume III - Part IX Conjugal Condition,https://www.abs.gov.au/AUSSTATS/free.nsf/log?openagent&1911 Census - Volume III - Part IX Conjugal Condition.pdf&2112.0&Publication&BE3A43557E6B1752CA257839001368FD&&1911&03.04.1911&Latest,1911 Census - Volume III - Part IX Conjugal Condition.pdf,data\raw\abs_1911_census\1911 Census - Volume III - Part IX Conjugal Condition.pdf,False,,downloaded,1600140
2112.0 - Volume III - Part X Families,https://www.abs.gov.au/AUSSTATS/free.nsf/log?openagent&1911 Census - Volume III - Part X Families.pdf&2112.0&Publication&4CE5E528D95ABD80CA25783900137B77&&1911&03.04.1911&Latest,1911 Census - Volume III - Part X Families.pdf,data\raw\abs_1911_census\1911 Census - Volume III - Part X Families.pdf,False,,downloaded,6113540
2112.0 - Volume III - Part XI Life Tables,https://www.abs.gov.au/AUSSTATS/free.nsf/log?openagent&1911 Census - Volume III - Part XI Life Tables.pdf&2112.0&Publication&F121B2C28A13D786CA2578390013CA98&&1911&03.04.1911&Latest,1911 Census - Volume III - Part XI Life Tables.pdf,data\raw\abs_1911_census\1911 Census - Volume III - Part XI Life Tables.pdf,False,,downloaded,5721080
2112.0 - Volume III - Part XII Occupations,https://www.abs.gov.au/AUSSTATS/free.nsf/log?openagent&1911 Census - Volume III - Part XII Occupations.pdf&2112.0&Publication&672F01666C9728B9CA2578390013E61F&&1911&03.04.1911&Latest,1911 Census - Volume III - Part XII Occupations.pdf,data\raw\abs_1911_census\1911 Census - Volume III - Part XII Occupations.pdf,False,,downloaded,15680164
2112.0 - Volume III - Part XIII Dwellings,https://www.abs.gov.au/AUSSTATS/free.nsf/log?openagent&1911 Census - Volume III - Part XIII Dewllings.pdf&2112.0&Publication&6A45B902EAAD7D5FCA2578390013FC77&&1911&03.04.1911&Latest,1911 Census - Volume III - Part XIII Dwellings.pdf,data\raw\abs_1911_census\1911 Census - Volume III - Part XIII Dwellings.pdf,False,,downloaded,11475091
2112.0 - Volume III - Part XIV Summary,https://www.abs.gov.au/AUSSTATS/free.nsf/log?openagent&1911 Census - Volume III - Part XIV Summary.pdf&2112.0&Publication&2DB1C328DD893466CA257839001412DE&&1911&03.04.1911&Latest,1911 Census - Volume III - Part XIV Summary.pdf,data\raw\abs_1911_census\1911 Census - Volume III - Part XIV Summary.pdf,False,,downloaded,18779000
2112.0 - Index to Volumes II and III,https://www.abs.gov.au/AUSSTATS/free.nsf/log?openagent&1911 Census - Index to Volumes II and III.pdf&2112.0&Publication&9AA143C280DCA22CCA25783900144CA9&&1911&03.04.1911&Latest,1911 Census - Index to Volumes II and III.pdf,data\raw\abs_1911_census\1911 Census - Index to Volumes II and III.pdf,False,,downloaded,486021
