doc_id,file_name,table_number,table_title,subentry_index,subentry_label,subentry_printed_page,subentry_page_index_estimate
1911_census_volume_iii_detailed_tables_index_parts_ix_xiv,1911 Census - Volume III Detailed Tables Index Parts IX - XIV.pdf,INDEX,INDEX TO VOLUMES II. AND III.,1,Pages 2293 to 2296,2293,
1911_census_volume_iii_detailed_tables_index_parts_ix_xiv,1911 Census - Volume III Detailed Tables Index Parts IX - XIV.pdf,IX,CONJUGAL CONDITION,1,Pages 1075 to 1101,1075,
1911_census_volume_iii_detailed_tables_index_parts_ix_xiv,1911 Census - Volume III Detailed Tables Index Parts IX - XIV.pdf,X,FAMILIES,1,Pages 1103 to 1205,1103,
1911_census_volume_iii_detailed_tables_index_parts_ix_xiv,1911 Census - Volume III Detailed Tables Index Parts IX - XIV.pdf,XI,LIFE TABLES,1,Pages 1207 to 1278,1207,
1911_census_volume_iii_detailed_tables_index_parts_ix_xiv,1911 Census - Volume III Detailed Tables Index Parts IX - XIV.pdf,XII,OCCUPATIONS,1,Pages 1279 to 1848,1279,
1911_census_volume_iii_detailed_tables_index_parts_ix_xiv,1911 Census - Volume III Detailed Tables Index Parts IX - XIV.pdf,XIII,DWELLINGS,1,Pages 1849 to 2047,1849,
1911_census_volume_iii_detailed_tables_index_parts_ix_xiv,1911 Census - Volume III Detailed Tables Index Parts IX - XIV.pdf,XIV,SUMMARY,1,Pages 2049 to 2292,2049,
1911_census_volume_iii_part_x_families,1911 Census - Volume III - Part X Families.pdf,4,"Relative Ages of Husbands and Wives in the States and Territories of the Commonwealth of Australia, at the Census of 3rd April, 1911",1,I.—New South Wales,1112,9
1911_census_volume_iii_part_x_families,1911 Census - Volume III - Part X Families.pdf,4,"Relative Ages of Husbands and Wives in the States and Territories of the Commonwealth of Australia, at the Census of 3rd April, 1911",2,II.—Victoria,1112,9
1911_census_volume_iii_part_x_families,1911 Census - Volume III - Part X Families.pdf,4,"Relative Ages of Husbands and Wives in the States and Territories of the Commonwealth of Australia, at the Census of 3rd April, 1911",3,III.—Queensland,1114,11
1911_census_volume_iii_part_x_families,1911 Census - Volume III - Part X Families.pdf,4,"Relative Ages of Husbands and Wives in the States and Territories of the Commonwealth of Australia, at the Census of 3rd April, 1911",4,IV.—South Australia,1114,11
1911_census_volume_iii_part_x_families,1911 Census - Volume III - Part X Families.pdf,4,"Relative Ages of Husbands and Wives in the States and Territories of the Commonwealth of Australia, at the Census of 3rd April, 1911",5,V.—Western Australia,1116,13
1911_census_volume_iii_part_x_families,1911 Census - Volume III - Part X Families.pdf,4,"Relative Ages of Husbands and Wives in the States and Territories of the Commonwealth of Australia, at the Census of 3rd April, 1911",6,VI.—Tasmania,1116,13
1911_census_volume_iii_part_x_families,1911 Census - Volume III - Part X Families.pdf,4,"Relative Ages of Husbands and Wives in the States and Territories of the Commonwealth of Australia, at the Census of 3rd April, 1911",7,VII.—Northern Territory,1118,15
1911_census_volume_iii_part_x_families,1911 Census - Volume III - Part X Families.pdf,4,"Relative Ages of Husbands and Wives in the States and Territories of the Commonwealth of Australia, at the Census of 3rd April, 1911",8,VIII.—Federal Capital Territory,1118,15
1911_census_volume_iii_part_x_families,1911 Census - Volume III - Part X Families.pdf,5,"Relative Religions of Husbands and Wives in the States and Territories of the Commonwealth of Australia, at the Census of 3rd April, 1911",1,I.—New South Wales,1120,17
1911_census_volume_iii_part_x_families,1911 Census - Volume III - Part X Families.pdf,5,"Relative Religions of Husbands and Wives in the States and Territories of the Commonwealth of Australia, at the Census of 3rd April, 1911",2,II.—Victoria,1120,17
1911_census_volume_iii_part_x_families,1911 Census - Volume III - Part X Families.pdf,5,"Relative Religions of Husbands and Wives in the States and Territories of the Commonwealth of Australia, at the Census of 3rd April, 1911",3,III.—Queensland,1122,19
1911_census_volume_iii_part_x_families,1911 Census - Volume III - Part X Families.pdf,5,"Relative Religions of Husbands and Wives in the States and Territories of the Commonwealth of Australia, at the Census of 3rd April, 1911",4,IV.—South Australia,1122,19
1911_census_volume_iii_part_x_families,1911 Census - Volume III - Part X Families.pdf,5,"Relative Religions of Husbands and Wives in the States and Territories of the Commonwealth of Australia, at the Census of 3rd April, 1911",5,V.—Western Australia,1124,21
1911_census_volume_iii_part_x_families,1911 Census - Volume III - Part X Families.pdf,5,"Relative Religions of Husbands and Wives in the States and Territories of the Commonwealth of Australia, at the Census of 3rd April, 1911",6,VI.—Tasmania,1124,21
1911_census_volume_iii_part_x_families,1911 Census - Volume III - Part X Families.pdf,5,"Relative Religions of Husbands and Wives in the States and Territories of the Commonwealth of Australia, at the Census of 3rd April, 1911",7,VII.—Northern Territory,1126,23
1911_census_volume_iii_part_x_families,1911 Census - Volume III - Part X Families.pdf,5,"Relative Religions of Husbands and Wives in the States and Territories of the Commonwealth of Australia, at the Census of 3rd April, 1911",8,VIII.—Federal Capital Territory,1126,23
1911_census_volume_iii_part_x_families,1911 Census - Volume III - Part X Families.pdf,6,"Relative Birthplaces of Husbands and Wives in the States and Territories of the Commonwealth of Australia, at the Census of 3rd April, 1911",1,I.—New South Wales,1128,25
1911_census_volume_iii_part_x_families,1911 Census - Volume III - Part X Families.pdf,6,"Relative Birthplaces of Husbands and Wives in the States and Territories of the Commonwealth of Australia, at the Census of 3rd April, 1911",2,II.—Victoria,1128,25
1911_census_volume_iii_part_x_families,1911 Census - Volume III - Part X Families.pdf,6,"Relative Birthplaces of Husbands and Wives in the States and Territories of the Commonwealth of Australia, at the Census of 3rd April, 1911",3,III.—Queensland,1130,27
1911_census_volume_iii_part_x_families,1911 Census - Volume III - Part X Families.pdf,6,"Relative Birthplaces of Husbands and Wives in the States and Territories of the Commonwealth of Australia, at the Census of 3rd April, 1911",4,IV.—South Australia,1130,27
1911_census_volume_iii_part_x_families,1911 Census - Volume III - Part X Families.pdf,6,"Relative Birthplaces of Husbands and Wives in the States and Territories of the Commonwealth of Australia, at the Census of 3rd April, 1911",5,V.—Western Australia,1132,29
1911_census_volume_iii_part_x_families,1911 Census - Volume III - Part X Families.pdf,6,"Relative Birthplaces of Husbands and Wives in the States and Territories of the Commonwealth of Australia, at the Census of 3rd April, 1911",6,VI.—Tasmania,1132,29
1911_census_volume_iii_part_x_families,1911 Census - Volume III - Part X Families.pdf,6,"Relative Birthplaces of Husbands and Wives in the States and Territories of the Commonwealth of Australia, at the Census of 3rd April, 1911",7,VII.—Northern Territory,1134,31
1911_census_volume_iii_part_x_families,1911 Census - Volume III - Part X Families.pdf,6,"Relative Birthplaces of Husbands and Wives in the States and Territories of the Commonwealth of Australia, at the Census of 3rd April, 1911",8,VIII.—Federal Capital Territory,1134,31
1911_census_volume_iii_part_x_families,1911 Census - Volume III - Part X Families.pdf,15,"Average Issue of Wives in the States and Territories of the Commonwealth of Australia, at the Census of 3rd April, 1911, classified according to Religion and Age",1,I.—New South Wales,1146,43
1911_census_volume_iii_part_x_families,1911 Census - Volume III - Part X Families.pdf,15,"Average Issue of Wives in the States and Territories of the Commonwealth of Australia, at the Census of 3rd April, 1911, classified according to Religion and Age",2,II.—Victoria,1148,45
1911_census_volume_iii_part_x_families,1911 Census - Volume III - Part X Families.pdf,15,"Average Issue of Wives in the States and Territories of the Commonwealth of Australia, at the Census of 3rd April, 1911, classified according to Religion and Age",3,III.—Queensland,1150,47
1911_census_volume_iii_part_x_families,1911 Census - Volume III - Part X Families.pdf,15,"Average Issue of Wives in the States and Territories of the Commonwealth of Australia, at the Census of 3rd April, 1911, classified according to Religion and Age",4,IV.—South Australia,1152,49
1911_census_volume_iii_part_x_families,1911 Census - Volume III - Part X Families.pdf,15,"Average Issue of Wives in the States and Territories of the Commonwealth of Australia, at the Census of 3rd April, 1911, classified according to Religion and Age",5,V.—Western Australia,1154,51
1911_census_volume_iii_part_x_families,1911 Census - Volume III - Part X Families.pdf,15,"Average Issue of Wives in the States and Territories of the Commonwealth of Australia, at the Census of 3rd April, 1911, classified according to Religion and Age",6,VI.—Tasmania,1156,53
1911_census_volume_iii_part_x_families,1911 Census - Volume III - Part X Families.pdf,15,"Average Issue of Wives in the States and Territories of the Commonwealth of Australia, at the Census of 3rd April, 1911, classified according to Religion and Age",7,VII.—Northern Territory,1158,55
1911_census_volume_iii_part_x_families,1911 Census - Volume III - Part X Families.pdf,15,"Average Issue of Wives in the States and Territories of the Commonwealth of Australia, at the Census of 3rd April, 1911, classified according to Religion and Age",8,VIII.—Federal Capital Territory,1158,55
1911_census_volume_iii_part_x_families,1911 Census - Volume III - Part X Families.pdf,17,"Average Issue of Wives in the States and Territories of the Commonwealth of Australia, at the Census of 3rd April, 1911, classified according to Birthplace and Age",1,I.—New South Wales,1162,59
1911_census_volume_iii_part_x_families,1911 Census - Volume III - Part X Families.pdf,17,"Average Issue of Wives in the States and Territories of the Commonwealth of Australia, at the Census of 3rd April, 1911, classified according to Birthplace and Age",2,II.—Victoria,1166,63
1911_census_volume_iii_part_x_families,1911 Census - Volume III - Part X Families.pdf,17,"Average Issue of Wives in the States and Territories of the Commonwealth of Australia, at the Census of 3rd April, 1911, classified according to Birthplace and Age",3,III.—Queensland,1168,65
1911_census_volume_iii_part_x_families,1911 Census - Volume III - Part X Families.pdf,17,"Average Issue of Wives in the States and Territories of the Commonwealth of Australia, at the Census of 3rd April, 1911, classified according to Birthplace and Age",4,IV.—South Australia,1172,69
1911_census_volume_iii_part_x_families,1911 Census - Volume III - Part X Families.pdf,17,"Average Issue of Wives in the States and Territories of the Commonwealth of Australia, at the Census of 3rd April, 1911, classified according to Birthplace and Age",5,V.—Western Australia,1174,71
1911_census_volume_iii_part_x_families,1911 Census - Volume III - Part X Families.pdf,17,"Average Issue of Wives in the States and Territories of the Commonwealth of Australia, at the Census of 3rd April, 1911, classified according to Birthplace and Age",6,VI.—Tasmania,1178,75
1911_census_volume_iii_part_x_families,1911 Census - Volume III - Part X Families.pdf,17,"Average Issue of Wives in the States and Territories of the Commonwealth of Australia, at the Census of 3rd April, 1911, classified according to Birthplace and Age",7,VII.—Northern Territory,1180,77
1911_census_volume_iii_part_x_families,1911 Census - Volume III - Part X Families.pdf,17,"Average Issue of Wives in the States and Territories of the Commonwealth of Australia, at the Census of 3rd April, 1911, classified according to Birthplace and Age",8,VIII.—Federal Capital Territory,1182,79
1911_census_volume_iii_part_x_families,1911 Census - Volume III - Part X Families.pdf,19,"Average Issue of Wives in the States and Territories of the Commonwealth of Australia, at the Census of 3rd April, 1911, classified according to Duration of Marriage and Age",1,I.—New South Wales,1184,81
1911_census_volume_iii_part_x_families,1911 Census - Volume III - Part X Families.pdf,19,"Average Issue of Wives in the States and Territories of the Commonwealth of Australia, at the Census of 3rd April, 1911, classified according to Duration of Marriage and Age",2,II.—Victoria,1184,81
1911_census_volume_iii_part_x_families,1911 Census - Volume III - Part X Families.pdf,19,"Average Issue of Wives in the States and Territories of the Commonwealth of Australia, at the Census of 3rd April, 1911, classified according to Duration of Marriage and Age",3,III.—Queensland,1184,81
1911_census_volume_iii_part_x_families,1911 Census - Volume III - Part X Families.pdf,19,"Average Issue of Wives in the States and Territories of the Commonwealth of Australia, at the Census of 3rd April, 1911, classified according to Duration of Marriage and Age",4,IV.—South Australia,1186,83
1911_census_volume_iii_part_x_families,1911 Census - Volume III - Part X Families.pdf,19,"Average Issue of Wives in the States and Territories of the Commonwealth of Australia, at the Census of 3rd April, 1911, classified according to Duration of Marriage and Age",5,V.—Western Australia,1186,83
1911_census_volume_iii_part_x_families,1911 Census - Volume III - Part X Families.pdf,19,"Average Issue of Wives in the States and Territories of the Commonwealth of Australia, at the Census of 3rd April, 1911, classified according to Duration of Marriage and Age",6,VI.—Tasmania,1186,83
1911_census_volume_iii_part_x_families,1911 Census - Volume III - Part X Families.pdf,19,"Average Issue of Wives in the States and Territories of the Commonwealth of Australia, at the Census of 3rd April, 1911, classified according to Duration of Marriage and Age",7,VII.—Northern Territory,1186,83
1911_census_volume_iii_part_x_families,1911 Census - Volume III - Part X Families.pdf,19,"Average Issue of Wives in the States and Territories of the Commonwealth of Australia, at the Census of 3rd April, 1911, classified according to Duration of Marriage and Age",8,VIII.—Federal Capital Territory,1186,83
1911_census_volume_iii_part_x_families,1911 Census - Volume III - Part X Families.pdf,20,"Average Issue of Husbands in the Commonwealth of Australia, at the Census of 3rd April, 1911, classified according to Occupation, Grade and Age",1,I.—All Grades,1188,85
1911_census_volume_iii_part_x_families,1911 Census - Volume III - Part X Families.pdf,20,"Average Issue of Husbands in the Commonwealth of Australia, at the Census of 3rd April, 1911, classified according to Occupation, Grade and Age",2,II.—Employers,1189,86
1911_census_volume_iii_part_x_families,1911 Census - Volume III - Part X Families.pdf,20,"Average Issue of Husbands in the Commonwealth of Australia, at the Census of 3rd April, 1911, classified according to Occupation, Grade and Age",3,"III.—Working on own account, but not employing labour",1190,87
1911_census_volume_iii_part_x_families,1911 Census - Volume III - Part X Families.pdf,20,"Average Issue of Husbands in the Commonwealth of Australia, at the Census of 3rd April, 1911, classified according to Occupation, Grade and Age",4,IV.—Assisting but not receiving wages or salary,1191,88
1911_census_volume_iii_part_x_families,1911 Census - Volume III - Part X Families.pdf,20,"Average Issue of Husbands in the Commonwealth of Australia, at the Census of 3rd April, 1911, classified according to Occupation, Grade and Age",5,V.—In receipt of wages or salary,1192,89
1911_census_volume_iii_part_x_families,1911 Census - Volume III - Part X Families.pdf,20,"Average Issue of Husbands in the Commonwealth of Australia, at the Census of 3rd April, 1911, classified according to Occupation, Grade and Age",6,VI.—Unemployed,1193,90
1911_census_volume_iii_part_x_families,1911 Census - Volume III - Part X Families.pdf,20,"Average Issue of Husbands in the Commonwealth of Australia, at the Census of 3rd April, 1911, classified according to Occupation, Grade and Age",7,VII.—Not Applicable,1194,91
1911_census_volume_iii_part_x_families,1911 Census - Volume III - Part X Families.pdf,20,"Average Issue of Husbands in the Commonwealth of Australia, at the Census of 3rd April, 1911, classified according to Occupation, Grade and Age",8,VIII.—Not Stated,1195,92
1911_census_volume_iii_part_x_families,1911 Census - Volume III - Part X Families.pdf,21,"Average Issue of Husbands in the States and Territories of the Commonwealth of Australia, at the Census of 3rd April, 1911, classified according to Occupation and Age",1,I.—New South Wales.—All Grades,1196,93
1911_census_volume_iii_part_x_families,1911 Census - Volume III - Part X Families.pdf,21,"Average Issue of Husbands in the States and Territories of the Commonwealth of Australia, at the Census of 3rd April, 1911, classified according to Occupation and Age",2,II.—Victoria.—All Grades,1197,94
1911_census_volume_iii_part_x_families,1911 Census - Volume III - Part X Families.pdf,21,"Average Issue of Husbands in the States and Territories of the Commonwealth of Australia, at the Census of 3rd April, 1911, classified according to Occupation and Age",3,III.—Queensland.—All Grades,1198,95
1911_census_volume_iii_part_x_families,1911 Census - Volume III - Part X Families.pdf,21,"Average Issue of Husbands in the States and Territories of the Commonwealth of Australia, at the Census of 3rd April, 1911, classified according to Occupation and Age",4,IV.—South Australia.—All Grades,1199,96
1911_census_volume_iii_part_x_families,1911 Census - Volume III - Part X Families.pdf,21,"Average Issue of Husbands in the States and Territories of the Commonwealth of Australia, at the Census of 3rd April, 1911, classified according to Occupation and Age",5,V.—Western Australia.—All Grades,1200,97
1911_census_volume_iii_part_x_families,1911 Census - Volume III - Part X Families.pdf,21,"Average Issue of Husbands in the States and Territories of the Commonwealth of Australia, at the Census of 3rd April, 1911, classified according to Occupation and Age",6,VI.—Tasmania.—All Grades,1201,98
1911_census_volume_iii_part_x_families,1911 Census - Volume III - Part X Families.pdf,21,"Average Issue of Husbands in the States and Territories of the Commonwealth of Australia, at the Census of 3rd April, 1911, classified according to Occupation and Age",7,VII.—Northern Territory.—All Grades,1202,99
1911_census_volume_iii_part_x_families,1911 Census - Volume III - Part X Families.pdf,21,"Average Issue of Husbands in the States and Territories of the Commonwealth of Australia, at the Census of 3rd April, 1911, classified according to Occupation and Age",8,VIII.—Federal Capital Territory.—All Grades,1203,100
1911_census_volume_iii_part_xii_occupations,1911 Census - Volume III - Part XII Occupations.pdf,90,"Unemployed Males in the States and Territories of the Commonwealth of Australia, at the Census of 3rd April, 1911, classified according to Period of Unemployment and Age",1,I.—New South Wales,1844,565
1911_census_volume_iii_part_xii_occupations,1911 Census - Volume III - Part XII Occupations.pdf,90,"Unemployed Males in the States and Territories of the Commonwealth of Australia, at the Census of 3rd April, 1911, classified according to Period of Unemployment and Age",2,II.—Victoria,1844,565
1911_census_volume_iii_part_xii_occupations,1911 Census - Volume III - Part XII Occupations.pdf,90,"Unemployed Males in the States and Territories of the Commonwealth of Australia, at the Census of 3rd April, 1911, classified according to Period of Unemployment and Age",3,III.—Queensland,1845,566
1911_census_volume_iii_part_xii_occupations,1911 Census - Volume III - Part XII Occupations.pdf,90,"Unemployed Males in the States and Territories of the Commonwealth of Australia, at the Census of 3rd April, 1911, classified according to Period of Unemployment and Age",4,IV.—South Australia,1845,566
1911_census_volume_iii_part_xii_occupations,1911 Census - Volume III - Part XII Occupations.pdf,90,"Unemployed Males in the States and Territories of the Commonwealth of Australia, at the Census of 3rd April, 1911, classified according to Period of Unemployment and Age",5,V.—Western Australia,1845,566
1911_census_volume_iii_part_xii_occupations,1911 Census - Volume III - Part XII Occupations.pdf,90,"Unemployed Males in the States and Territories of the Commonwealth of Australia, at the Census of 3rd April, 1911, classified according to Period of Unemployment and Age",6,VI.—Tasmania,1845,566
1911_census_volume_iii_part_xii_occupations,1911 Census - Volume III - Part XII Occupations.pdf,90,"Unemployed Males in the States and Territories of the Commonwealth of Australia, at the Census of 3rd April, 1911, classified according to Period of Unemployment and Age",7,VII.—Northern Territory,1846,567
1911_census_volume_iii_part_xii_occupations,1911 Census - Volume III - Part XII Occupations.pdf,90,"Unemployed Males in the States and Territories of the Commonwealth of Australia, at the Census of 3rd April, 1911, classified according to Period of Unemployment and Age",8,VIII.—Federal Capital Territory,1846,567
1911_census_volume_iii_part_xii_occupations,1911 Census - Volume III - Part XII Occupations.pdf,92,"Unemployed Females in the States and Territories of the Commonwealth of Australia, at the Census of 3rd April, 1911, classified according to Period of Unemployment and Age",1,I.—New South Wales,1847,568
1911_census_volume_iii_part_xii_occupations,1911 Census - Volume III - Part XII Occupations.pdf,92,"Unemployed Females in the States and Territories of the Commonwealth of Australia, at the Census of 3rd April, 1911, classified according to Period of Unemployment and Age",2,II.—Victoria,1847,568
1911_census_volume_iii_part_xii_occupations,1911 Census - Volume III - Part XII Occupations.pdf,92,"Unemployed Females in the States and Territories of the Commonwealth of Australia, at the Census of 3rd April, 1911, classified according to Period of Unemployment and Age",3,III.—Queensland,1847,568
1911_census_volume_iii_part_xii_occupations,1911 Census - Volume III - Part XII Occupations.pdf,92,"Unemployed Females in the States and Territories of the Commonwealth of Australia, at the Census of 3rd April, 1911, classified according to Period of Unemployment and Age",4,IV.—South Australia,1848,569
1911_census_volume_iii_part_xii_occupations,1911 Census - Volume III - Part XII Occupations.pdf,92,"Unemployed Females in the States and Territories of the Commonwealth of Australia, at the Census of 3rd April, 1911, classified according to Period of Unemployment and Age",5,V.—Western Australia,1848,569
1911_census_volume_iii_part_xii_occupations,1911 Census - Volume III - Part XII Occupations.pdf,92,"Unemployed Females in the States and Territories of the Commonwealth of Australia, at the Census of 3rd April, 1911, classified according to Period of Unemployment and Age",6,VI.—Tasmania,1848,569
1911_census_volume_iii_part_xii_occupations,1911 Census - Volume III - Part XII Occupations.pdf,92,"Unemployed Females in the States and Territories of the Commonwealth of Australia, at the Census of 3rd April, 1911, classified according to Period of Unemployment and Age",7,VII.—Northern Territory,1848,569
1911_census_volume_iii_part_xii_occupations,1911 Census - Volume III - Part XII Occupations.pdf,92,"Unemployed Females in the States and Territories of the Commonwealth of Australia, at the Census of 3rd April, 1911, classified according to Period of Unemployment and Age",8,VIII.—Federal Capital Territory,1848,569
1911_census_volume_iii_part_xiii_dwellings,1911 Census - Volume III - Part XIII Dwellings.pdf,11,"Occupied Dwellings in the several States and Territories of the Commonwealth of Australia, at the Census of 3rd April, 1911, classified according to Nature of Dwelling and Number of Rooms",1,I.—New South Wales,1864,15
1911_census_volume_iii_part_xiii_dwellings,1911 Census - Volume III - Part XIII Dwellings.pdf,11,"Occupied Dwellings in the several States and Territories of the Commonwealth of Australia, at the Census of 3rd April, 1911, classified according to Nature of Dwelling and Number of Rooms",2,II.—Victoria,1866,17
1911_census_volume_iii_part_xiii_dwellings,1911 Census - Volume III - Part XIII Dwellings.pdf,11,"Occupied Dwellings in the several States and Territories of the Commonwealth of Australia, at the Census of 3rd April, 1911, classified according to Nature of Dwelling and Number of Rooms",3,III.—Queensland,1866,17
1911_census_volume_iii_part_xiii_dwellings,1911 Census - Volume III - Part XIII Dwellings.pdf,11,"Occupied Dwellings in the several States and Territories of the Commonwealth of Australia, at the Census of 3rd April, 1911, classified according to Nature of Dwelling and Number of Rooms",4,IV.—South Australia,1866,17
1911_census_volume_iii_part_xiii_dwellings,1911 Census - Volume III - Part XIII Dwellings.pdf,11,"Occupied Dwellings in the several States and Territories of the Commonwealth of Australia, at the Census of 3rd April, 1911, classified according to Nature of Dwelling and Number of Rooms",5,V.—Western Australia,1868,19
1911_census_volume_iii_part_xiii_dwellings,1911 Census - Volume III - Part XIII Dwellings.pdf,11,"Occupied Dwellings in the several States and Territories of the Commonwealth of Australia, at the Census of 3rd April, 1911, classified according to Nature of Dwelling and Number of Rooms",6,VI.—Tasmania,1868,19
1911_census_volume_iii_part_xiii_dwellings,1911 Census - Volume III - Part XIII Dwellings.pdf,11,"Occupied Dwellings in the several States and Territories of the Commonwealth of Australia, at the Census of 3rd April, 1911, classified according to Nature of Dwelling and Number of Rooms",7,VII.—Northern Territory,1868,19
1911_census_volume_iii_part_xiii_dwellings,1911 Census - Volume III - Part XIII Dwellings.pdf,11,"Occupied Dwellings in the several States and Territories of the Commonwealth of Australia, at the Census of 3rd April, 1911, classified according to Nature of Dwelling and Number of Rooms",8,VIII.—Federal Territory,1868,19
1911_census_volume_iii_part_xiii_dwellings,1911 Census - Volume III - Part XIII Dwellings.pdf,64,"Occupied Dwellings in each County, etc., of the several States and Territories of the Commonwealth of Australia, at the Census of 3rd April, 1911, classified according to Number of Rooms",1,I.—New South Wales,1978,129
1911_census_volume_iii_part_xiii_dwellings,1911 Census - Volume III - Part XIII Dwellings.pdf,64,"Occupied Dwellings in each County, etc., of the several States and Territories of the Commonwealth of Australia, at the Census of 3rd April, 1911, classified according to Number of Rooms",2,II.—Victoria,1984,135
1911_census_volume_iii_part_xiii_dwellings,1911 Census - Volume III - Part XIII Dwellings.pdf,64,"Occupied Dwellings in each County, etc., of the several States and Territories of the Commonwealth of Australia, at the Census of 3rd April, 1911, classified according to Number of Rooms",3,III.—Queensland,1986,137
1911_census_volume_iii_part_xiii_dwellings,1911 Census - Volume III - Part XIII Dwellings.pdf,64,"Occupied Dwellings in each County, etc., of the several States and Territories of the Commonwealth of Australia, at the Census of 3rd April, 1911, classified according to Number of Rooms",4,IV.—South Australia,1989,140
1911_census_volume_iii_part_xiii_dwellings,1911 Census - Volume III - Part XIII Dwellings.pdf,64,"Occupied Dwellings in each County, etc., of the several States and Territories of the Commonwealth of Australia, at the Census of 3rd April, 1911, classified according to Number of Rooms",5,V.—Western Australia,1992,143
1911_census_volume_iii_part_xiii_dwellings,1911 Census - Volume III - Part XIII Dwellings.pdf,64,"Occupied Dwellings in each County, etc., of the several States and Territories of the Commonwealth of Australia, at the Census of 3rd April, 1911, classified according to Number of Rooms",6,VI.—Tasmania,1994,145
1911_census_volume_iii_part_xiii_dwellings,1911 Census - Volume III - Part XIII Dwellings.pdf,64,"Occupied Dwellings in each County, etc., of the several States and Territories of the Commonwealth of Australia, at the Census of 3rd April, 1911, classified according to Number of Rooms",7,VII.—Northern Territory,1994,145
1911_census_volume_iii_part_xiii_dwellings,1911 Census - Volume III - Part XIII Dwellings.pdf,64,"Occupied Dwellings in each County, etc., of the several States and Territories of the Commonwealth of Australia, at the Census of 3rd April, 1911, classified according to Number of Rooms",8,VIII.—Federal Territory,1994,145
1911_census_volume_iii_part_xiii_dwellings,1911 Census - Volume III - Part XIII Dwellings.pdf,65,"Occupied Dwellings in each County, etc., of the several States and Territories of the Commonwealth of Australia, at the Census of 3rd April, 1911, classified according to Materials of which outer walls were built",1,I.—New South Wales,1997,148
1911_census_volume_iii_part_xiii_dwellings,1911 Census - Volume III - Part XIII Dwellings.pdf,65,"Occupied Dwellings in each County, etc., of the several States and Territories of the Commonwealth of Australia, at the Census of 3rd April, 1911, classified according to Materials of which outer walls were built",2,II.—Victoria,2003,154
1911_census_volume_iii_part_xiii_dwellings,1911 Census - Volume III - Part XIII Dwellings.pdf,65,"Occupied Dwellings in each County, etc., of the several States and Territories of the Commonwealth of Australia, at the Census of 3rd April, 1911, classified according to Materials of which outer walls were built",3,III.—Queensland,2005,156
1911_census_volume_iii_part_xiii_dwellings,1911 Census - Volume III - Part XIII Dwellings.pdf,65,"Occupied Dwellings in each County, etc., of the several States and Territories of the Commonwealth of Australia, at the Census of 3rd April, 1911, classified according to Materials of which outer walls were built",4,IV.—South Australia,2008,159
1911_census_volume_iii_part_xiii_dwellings,1911 Census - Volume III - Part XIII Dwellings.pdf,65,"Occupied Dwellings in each County, etc., of the several States and Territories of the Commonwealth of Australia, at the Census of 3rd April, 1911, classified according to Materials of which outer walls were built",5,V.—Western Australia,2011,162
1911_census_volume_iii_part_xiii_dwellings,1911 Census - Volume III - Part XIII Dwellings.pdf,65,"Occupied Dwellings in each County, etc., of the several States and Territories of the Commonwealth of Australia, at the Census of 3rd April, 1911, classified according to Materials of which outer walls were built",6,VI.—Tasmania,2013,164
1911_census_volume_iii_part_xiii_dwellings,1911 Census - Volume III - Part XIII Dwellings.pdf,65,"Occupied Dwellings in each County, etc., of the several States and Territories of the Commonwealth of Australia, at the Census of 3rd April, 1911, classified according to Materials of which outer walls were built",7,VII.—Northern Territory,2013,164
1911_census_volume_iii_part_xiii_dwellings,1911 Census - Volume III - Part XIII Dwellings.pdf,65,"Occupied Dwellings in each County, etc., of the several States and Territories of the Commonwealth of Australia, at the Census of 3rd April, 1911, classified according to Materials of which outer walls were built",8,VIII.—Federal Territory,2013,164
1911_census_volume_iii_part_xiii_dwellings,1911 Census - Volume III - Part XIII Dwellings.pdf,66,"Average Weekly Rental Value of Private Dwellings in each County, etc., of the several States and Territories of the Commonwealth of Australia, at the Census of 3rd April, 1911, classified according to Number of Rooms",1,I.—New South Wales,2016,167
1911_census_volume_iii_part_xiii_dwellings,1911 Census - Volume III - Part XIII Dwellings.pdf,66,"Average Weekly Rental Value of Private Dwellings in each County, etc., of the several States and Territories of the Commonwealth of Australia, at the Census of 3rd April, 1911, classified according to Number of Rooms",2,II.—Victoria,2020,171
1911_census_volume_iii_part_xiii_dwellings,1911 Census - Volume III - Part XIII Dwellings.pdf,66,"Average Weekly Rental Value of Private Dwellings in each County, etc., of the several States and Territories of the Commonwealth of Australia, at the Census of 3rd April, 1911, classified according to Number of Rooms",3,III.—Queensland,2020,171
1911_census_volume_iii_part_xiii_dwellings,1911 Census - Volume III - Part XIII Dwellings.pdf,66,"Average Weekly Rental Value of Private Dwellings in each County, etc., of the several States and Territories of the Commonwealth of Australia, at the Census of 3rd April, 1911, classified according to Number of Rooms",4,IV.—South Australia,2022,173
1911_census_volume_iii_part_xiii_dwellings,1911 Census - Volume III - Part XIII Dwellings.pdf,66,"Average Weekly Rental Value of Private Dwellings in each County, etc., of the several States and Territories of the Commonwealth of Australia, at the Census of 3rd April, 1911, classified according to Number of Rooms",5,V.—Western Australia,2024,175
1911_census_volume_iii_part_xiii_dwellings,1911 Census - Volume III - Part XIII Dwellings.pdf,66,"Average Weekly Rental Value of Private Dwellings in each County, etc., of the several States and Territories of the Commonwealth of Australia, at the Census of 3rd April, 1911, classified according to Number of Rooms",6,VI.—Tasmania,2024,175
1911_census_volume_iii_part_xiii_dwellings,1911 Census - Volume III - Part XIII Dwellings.pdf,66,"Average Weekly Rental Value of Private Dwellings in each County, etc., of the several States and Territories of the Commonwealth of Australia, at the Census of 3rd April, 1911, classified according to Number of Rooms",7,VII.—Northern Territory,2026,177
1911_census_volume_iii_part_xiii_dwellings,1911 Census - Volume III - Part XIII Dwellings.pdf,66,"Average Weekly Rental Value of Private Dwellings in each County, etc., of the several States and Territories of the Commonwealth of Australia, at the Census of 3rd April, 1911, classified according to Number of Rooms",8,VIII.—Federal Territory,2026,177
1911_census_volume_iii_part_xiii_dwellings,1911 Census - Volume III - Part XIII Dwellings.pdf,67,"Area, Population, Density, Occupied Dwellings and Rental Values in each County, etc., of the several States and Territories of the Commonwealth of Australia, at the Census of 3rd April, 1911",1,I.—New South Wales,2026,177
1911_census_volume_iii_part_xiii_dwellings,1911 Census - Volume III - Part XIII Dwellings.pdf,67,"Area, Population, Density, Occupied Dwellings and Rental Values in each County, etc., of the several States and Territories of the Commonwealth of Australia, at the Census of 3rd April, 1911",2,II.—Victoria,2028,179
1911_census_volume_iii_part_xiii_dwellings,1911 Census - Volume III - Part XIII Dwellings.pdf,67,"Area, Population, Density, Occupied Dwellings and Rental Values in each County, etc., of the several States and Territories of the Commonwealth of Australia, at the Census of 3rd April, 1911",3,III.—Queensland,2028,179
1911_census_volume_iii_part_xiii_dwellings,1911 Census - Volume III - Part XIII Dwellings.pdf,67,"Area, Population, Density, Occupied Dwellings and Rental Values in each County, etc., of the several States and Territories of the Commonwealth of Australia, at the Census of 3rd April, 1911",4,IV.—South Australia,2029,180
1911_census_volume_iii_part_xiii_dwellings,1911 Census - Volume III - Part XIII Dwellings.pdf,67,"Area, Population, Density, Occupied Dwellings and Rental Values in each County, etc., of the several States and Territories of the Commonwealth of Australia, at the Census of 3rd April, 1911",5,V.—Western Australia,2029,180
1911_census_volume_iii_part_xiii_dwellings,1911 Census - Volume III - Part XIII Dwellings.pdf,67,"Area, Population, Density, Occupied Dwellings and Rental Values in each County, etc., of the several States and Territories of the Commonwealth of Australia, at the Census of 3rd April, 1911",6,VI.—Tasmania,2030,181
1911_census_volume_iii_part_xiii_dwellings,1911 Census - Volume III - Part XIII Dwellings.pdf,67,"Area, Population, Density, Occupied Dwellings and Rental Values in each County, etc., of the several States and Territories of the Commonwealth of Australia, at the Census of 3rd April, 1911",7,VII.—Northern Territory,2030,181
1911_census_volume_iii_part_xiii_dwellings,1911 Census - Volume III - Part XIII Dwellings.pdf,67,"Area, Population, Density, Occupied Dwellings and Rental Values in each County, etc., of the several States and Territories of the Commonwealth of Australia, at the Census of 3rd April, 1911",8,VIII.—Federal Territory,2030,181
1911_census_volume_iii_part_xiii_dwellings,1911 Census - Volume III - Part XIII Dwellings.pdf,68,"Area, Population, Density, Occupied Dwellings, etc., in each Local Government Area of the several States of the Commonwealth of Australia, at the Census of 3rd April, 1911",1,I.—New South Wales,2031,182
1911_census_volume_iii_part_xiii_dwellings,1911 Census - Volume III - Part XIII Dwellings.pdf,68,"Area, Population, Density, Occupied Dwellings, etc., in each Local Government Area of the several States of the Commonwealth of Australia, at the Census of 3rd April, 1911",2,II.—Victoria,2036,187
1911_census_volume_iii_part_xiii_dwellings,1911 Census - Volume III - Part XIII Dwellings.pdf,68,"Area, Population, Density, Occupied Dwellings, etc., in each Local Government Area of the several States of the Commonwealth of Australia, at the Census of 3rd April, 1911",3,III.—Queensland,2039,190
1911_census_volume_iii_part_xiii_dwellings,1911 Census - Volume III - Part XIII Dwellings.pdf,68,"Area, Population, Density, Occupied Dwellings, etc., in each Local Government Area of the several States of the Commonwealth of Australia, at the Census of 3rd April, 1911",4,IV.—South Australia,2042,193
1911_census_volume_iii_part_xiii_dwellings,1911 Census - Volume III - Part XIII Dwellings.pdf,68,"Area, Population, Density, Occupied Dwellings, etc., in each Local Government Area of the several States of the Commonwealth of Australia, at the Census of 3rd April, 1911",5,V.—Western Australia,2045,196
1911_census_volume_iii_part_xiv_summary,1911 Census - Volume III - Part XIV Summary.pdf,61,Population of States and Territories,1,I.-Males,2111,62
1911_census_volume_iii_part_xiv_summary,1911 Census - Volume III - Part XIV Summary.pdf,61,Population of States and Territories,2,II.-Females,2111,62
1911_census_volume_iii_part_xiv_summary,1911 Census - Volume III - Part XIV Summary.pdf,61,Population of States and Territories,3,III.-Persons,2112,63
1911_census_volume_iii_part_xiv_summary,1911 Census - Volume III - Part XIV Summary.pdf,63,Metropolitan and Extra-Metropolitan Population in States of-,1,I.-New South Wales,2113,64
1911_census_volume_iii_part_xiv_summary,1911 Census - Volume III - Part XIV Summary.pdf,63,Metropolitan and Extra-Metropolitan Population in States of-,2,II.-Victoria,2114,65
1911_census_volume_iii_part_xiv_summary,1911 Census - Volume III - Part XIV Summary.pdf,63,Metropolitan and Extra-Metropolitan Population in States of-,3,III.-Queensland,2115,66
1911_census_volume_iii_part_xiv_summary,1911 Census - Volume III - Part XIV Summary.pdf,63,Metropolitan and Extra-Metropolitan Population in States of-,4,IV.-South Australia,2115,66
1911_census_volume_iii_part_xiv_summary,1911 Census - Volume III - Part XIV Summary.pdf,63,Metropolitan and Extra-Metropolitan Population in States of-,5,V.-Western Australia,2116,67
1911_census_volume_iii_part_xiv_summary,1911 Census - Volume III - Part XIV Summary.pdf,63,Metropolitan and Extra-Metropolitan Population in States of-,6,VI.-Tasmania,2117,68
1911_census_volume_iii_part_xiv_summary,1911 Census - Volume III - Part XIV Summary.pdf,79,"Population of States and Territories, in Age Groups-",1,I.-New South Wales,2130,81
1911_census_volume_iii_part_xiv_summary,1911 Census - Volume III - Part XIV Summary.pdf,79,"Population of States and Territories, in Age Groups-",2,II.-Victoria,2131,82
1911_census_volume_iii_part_xiv_summary,1911 Census - Volume III - Part XIV Summary.pdf,79,"Population of States and Territories, in Age Groups-",3,III.-Queensland,2131,82
1911_census_volume_iii_part_xiv_summary,1911 Census - Volume III - Part XIV Summary.pdf,79,"Population of States and Territories, in Age Groups-",4,IV.-South Australia,2132,83
1911_census_volume_iii_part_xiv_summary,1911 Census - Volume III - Part XIV Summary.pdf,79,"Population of States and Territories, in Age Groups-",5,V.-Western Australia,2132,83
1911_census_volume_iii_part_xiv_summary,1911 Census - Volume III - Part XIV Summary.pdf,79,"Population of States and Territories, in Age Groups-",6,VI.-Tasmania,2133,84
1911_census_volume_iii_part_xiv_summary,1911 Census - Volume III - Part XIV Summary.pdf,79,"Population of States and Territories, in Age Groups-",7,VII.-Northern Territory,2133,84
1911_census_volume_iii_part_xiv_summary,1911 Census - Volume III - Part XIV Summary.pdf,79,"Population of States and Territories, in Age Groups-",8,VIII.-Federal Territory,2134,85
1911_census_volume_iii_part_xiv_summary,1911 Census - Volume III - Part XIV Summary.pdf,80,"Population of Metropolitan Areas, in Age Groups-",1,I.-Sydney and Suburbs,2134,85
1911_census_volume_iii_part_xiv_summary,1911 Census - Volume III - Part XIV Summary.pdf,80,"Population of Metropolitan Areas, in Age Groups-",2,II.-Melbourne and Suburbs,2135,86
1911_census_volume_iii_part_xiv_summary,1911 Census - Volume III - Part XIV Summary.pdf,80,"Population of Metropolitan Areas, in Age Groups-",3,III.-Brisbane and Suburbs,2135,86
1911_census_volume_iii_part_xiv_summary,1911 Census - Volume III - Part XIV Summary.pdf,80,"Population of Metropolitan Areas, in Age Groups-",4,IV.-Adelaide and Suburbs,2136,87
1911_census_volume_iii_part_xiv_summary,1911 Census - Volume III - Part XIV Summary.pdf,80,"Population of Metropolitan Areas, in Age Groups-",5,V.-Perth and Suburbs,2136,87
1911_census_volume_iii_part_xiv_summary,1911 Census - Volume III - Part XIV Summary.pdf,80,"Population of Metropolitan Areas, in Age Groups-",6,VI.-Hobart and Suburbs,2137,88
1911_census_volume_iii_part_xiv_summary,1911 Census - Volume III - Part XIV Summary.pdf,164,Counties :,1,I.-New South Wales,2237,188
1911_census_volume_iii_part_xiv_summary,1911 Census - Volume III - Part XIV Summary.pdf,164,Counties :,2,II.-Victoria,2238,189
1911_census_volume_iii_part_xiv_summary,1911 Census - Volume III - Part XIV Summary.pdf,164,Counties :,3,III.-Queensland,2238,189
1911_census_volume_iii_part_xiv_summary,1911 Census - Volume III - Part XIV Summary.pdf,164,Counties :,4,IV.-South Australia,2240,191
1911_census_volume_iii_part_xiv_summary,1911 Census - Volume III - Part XIV Summary.pdf,164,Counties :,5,V.-Western Australia,2240,191
1911_census_volume_iii_part_xiv_summary,1911 Census - Volume III - Part XIV Summary.pdf,164,Counties :,6,VI.-Tasmania,2241,192
1911_census_volume_iii_part_xiv_summary,1911 Census - Volume III - Part XIV Summary.pdf,164,Counties :,7,VII.-Northern Territory,2241,192
1911_census_volume_iii_part_xiv_summary,1911 Census - Volume III - Part XIV Summary.pdf,164,Counties :,8,VIII.-Federal Territory,2241,192
1911_census_volume_iii_part_xiv_summary,1911 Census - Volume III - Part XIV Summary.pdf,165,Local Government Areas :,1,I.-New South Wales,2242,193
1911_census_volume_iii_part_xiv_summary,1911 Census - Volume III - Part XIV Summary.pdf,165,Local Government Areas :,2,II.-Victoria,2244,195
1911_census_volume_iii_part_xiv_summary,1911 Census - Volume III - Part XIV Summary.pdf,165,Local Government Areas :,3,III.-Queensland,2245,196
1911_census_volume_iii_part_xiv_summary,1911 Census - Volume III - Part XIV Summary.pdf,165,Local Government Areas :,4,IV.-South Australia,2246,197
1911_census_volume_iii_part_xiv_summary,1911 Census - Volume III - Part XIV Summary.pdf,165,Local Government Areas :,5,V.-Western Australia,2247,198
1911_census_volume_iii_part_xiv_summary,1911 Census - Volume III - Part XIV Summary.pdf,165,Local Government Areas :,6,VI.-Tasmania,2248,199
1911_census_volume_iii_part_xiv_summary,1911 Census - Volume III - Part XIV Summary.pdf,165,Local Government Areas :,7,VII.-Northern Territory,2249,200
