doc_id,file_name,title,local_path,page_count,table_number,table_title,start_printed_page,start_page_index,end_page_index,page_span_count,page_indexes,start_pdf_page,end_pdf_page,next_table_number,next_table_start_page_index,next_later_start_page_index,topic,geography,part_or_section,subentry_count,span_flags,needs_review
1911_census_volume_ii_part_i_ages,1911 Census - Volume II - Part I Ages.pdf,2112.0 - Volume II - Part I Ages,data\raw\abs_1911_census\1911 Census - Volume II - Part I Ages.pdf,104,1,"Number of Males recorded at each Age in each State and Territory, at the Census of 3rd April, 1911",5,4,6,3,4 | 5 | 6,5,7,2,0,7,Ages,Australia,,0,next_numbered_table_starts_before_this_table,True
1911_census_volume_ii_part_i_ages,1911 Census - Volume II - Part I Ages.pdf,2112.0 - Volume II - Part I Ages,data\raw\abs_1911_census\1911 Census - Volume II - Part I Ages.pdf,104,8,"Comparative Statement, shewing the Unadjusted Numbers in the Commonwealth in Quinquennial Age Groups, at the Censuses of 1881, 1891, 1901, and 1911",17,16,17,2,16 | 17,17,18,9,16,18,Ages,Australia,,0,same_page_as_next_table_start,True
1911_census_volume_ii_part_i_ages,1911 Census - Volume II - Part I Ages.pdf,2112.0 - Volume II - Part I Ages,data\raw\abs_1911_census\1911 Census - Volume II - Part I Ages.pdf,104,9,"Adjusted Number of Males at each Age in each State and Territory, at the Census of 3rd April, 1911",17,16,17,2,16 | 17,17,18,10,18,18,Ages,Australia,,0,same_page_as_previous_table_start,True
1911_census_volume_ii_part_i_ages,1911 Census - Volume II - Part I Ages.pdf,2112.0 - Volume II - Part I Ages,data\raw\abs_1911_census\1911 Census - Volume II - Part I Ages.pdf,104,21,"Adjusted Numbers in the Commonwealth in Quinquennial Age Groups, at the Censuses of 1881, 1891, 1901, and 1911",37,36,36,1,36,37,37,22,36,37,Ages,Australia,,0,same_page_as_next_table_start,True
1911_census_volume_ii_part_i_ages,1911 Census - Volume II - Part I Ages.pdf,2112.0 - Volume II - Part I Ages,data\raw\abs_1911_census\1911 Census - Volume II - Part I Ages.pdf,104,22,"Adjusted Numbers of Males, Females, and Persons, in each Quinquennial Age Group per 100,000 of Male, Female, and Total Population, respectively, of the Commonwealth, at the Censuses of 1881, 1891, 1901, and 1911",37,36,36,1,36,37,37,23,37,37,Ages,Australia,,0,same_page_as_previous_table_start,True
1911_census_volume_ii_part_i_ages,1911 Census - Volume II - Part I Ages.pdf,2112.0 - Volume II - Part I Ages,data\raw\abs_1911_census\1911 Census - Volume II - Part I Ages.pdf,104,23,"Increases in the Commonwealth in each Quinquennial Age Group, as shewn by the Adjusted Numbers for the Censuses of 1881, 1891, 1901, and 1911",38,37,38,2,37 | 38,38,39,24,37,39,Ages,Australia,,0,same_page_as_next_table_start,True
1911_census_volume_ii_part_i_ages,1911 Census - Volume II - Part I Ages.pdf,2112.0 - Volume II - Part I Ages,data\raw\abs_1911_census\1911 Census - Volume II - Part I Ages.pdf,104,24,"Number of Males recorded at each Age in the Metropolis of each State, at the Census of 3rd April, 1911",38,37,38,2,37 | 38,38,39,25,39,39,Ages,Metropolitan,,0,same_page_as_previous_table_start,True
1911_census_volume_ii_part_i_ages,1911 Census - Volume II - Part I Ages.pdf,2112.0 - Volume II - Part I Ages,data\raw\abs_1911_census\1911 Census - Volume II - Part I Ages.pdf,104,31,"New South Wales.—Population of Commonwealth Electoral Divisions, as recorded at the Census of 3rd April, 1911",58,57,58,2,57 | 58,58,59,32,57,59,Ages,New South Wales,,0,same_page_as_next_table_start,True
1911_census_volume_ii_part_i_ages,1911 Census - Volume II - Part I Ages.pdf,2112.0 - Volume II - Part I Ages,data\raw\abs_1911_census\1911 Census - Volume II - Part I Ages.pdf,104,32,"New South Wales.—Population of State Electoral Districts, as recorded at the Census of 3rd April, 1911",58,57,58,2,57 | 58,58,59,33,59,59,Ages,New South Wales,,0,same_page_as_previous_table_start,True
1911_census_volume_ii_part_i_ages,1911 Census - Volume II - Part I Ages.pdf,2112.0 - Volume II - Part I Ages,data\raw\abs_1911_census\1911 Census - Volume II - Part I Ages.pdf,104,33,"Victoria.—Number of Males in Quinquennial Age Groups, as recorded in each County, at the Census of 3rd April, 1911",60,59,60,2,59 | 60,60,61,34,59,61,Ages,Victoria,,0,same_page_as_next_table_start,True
1911_census_volume_ii_part_i_ages,1911 Census - Volume II - Part I Ages.pdf,2112.0 - Volume II - Part I Ages,data\raw\abs_1911_census\1911 Census - Volume II - Part I Ages.pdf,104,34,"Victoria.—Number of Females in Quinquennial Age Groups, as recorded in each County, at the Census of 3rd April, 1911",60,59,60,2,59 | 60,60,61,35,61,61,Ages,Victoria,,0,same_page_as_previous_table_start,True
1911_census_volume_ii_part_i_ages,1911 Census - Volume II - Part I Ages.pdf,2112.0 - Volume II - Part I Ages,data\raw\abs_1911_census\1911 Census - Volume II - Part I Ages.pdf,104,37,"Victoria.—Population of Commonwealth Electoral Divisions, as recorded at the Census of 3rd April, 1911",65,64,64,1,64,65,65,38,64,65,Ages,Victoria,,0,same_page_as_next_table_start,True
1911_census_volume_ii_part_i_ages,1911 Census - Volume II - Part I Ages.pdf,2112.0 - Volume II - Part I Ages,data\raw\abs_1911_census\1911 Census - Volume II - Part I Ages.pdf,104,38,"Victoria.—Population of State Electoral Provinces, as recorded at the Census of 3rd April, 1911",65,64,64,1,64,65,65,39,65,65,Ages,Victoria,,0,same_page_as_previous_table_start,True
1911_census_volume_ii_part_i_ages,1911 Census - Volume II - Part I Ages.pdf,2112.0 - Volume II - Part I Ages,data\raw\abs_1911_census\1911 Census - Volume II - Part I Ages.pdf,104,44,"Queensland.—Population of Commonwealth Electoral Divisions, as recorded at the Census of 3rd April, 1911",74,73,74,2,73 | 74,74,75,45,73,75,Ages,Queensland,,0,same_page_as_next_table_start,True
1911_census_volume_ii_part_i_ages,1911 Census - Volume II - Part I Ages.pdf,2112.0 - Volume II - Part I Ages,data\raw\abs_1911_census\1911 Census - Volume II - Part I Ages.pdf,104,45,"Queensland.—Population of State Electoral Districts, as recorded at the Census of 3rd April, 1911",74,73,74,2,73 | 74,74,75,46,75,75,Ages,Queensland,,0,same_page_as_previous_table_start,True
1911_census_volume_ii_part_i_ages,1911 Census - Volume II - Part I Ages.pdf,2112.0 - Volume II - Part I Ages,data\raw\abs_1911_census\1911 Census - Volume II - Part I Ages.pdf,104,50,"South Australia.—Population of Commonwealth Electoral Divisions, as recorded at the Census of 3rd April, 1911",83,82,82,1,82,83,83,51,82,83,Ages,South Australia,,0,same_page_as_next_table_start,True
1911_census_volume_ii_part_i_ages,1911 Census - Volume II - Part I Ages.pdf,2112.0 - Volume II - Part I Ages,data\raw\abs_1911_census\1911 Census - Volume II - Part I Ages.pdf,104,51,"South Australia.—Population of Council Electoral Districts, as recorded at the Census of 3rd April, 1911",83,82,82,1,82,83,83,52,82,83,Ages,South Australia,,0,same_page_as_next_table_start | same_page_as_previous_table_start,True
1911_census_volume_ii_part_i_ages,1911 Census - Volume II - Part I Ages.pdf,2112.0 - Volume II - Part I Ages,data\raw\abs_1911_census\1911 Census - Volume II - Part I Ages.pdf,104,52,"South Australia.—Population of Assembly Electoral Districts, as recorded at the Census of 3rd April, 1911",83,82,82,1,82,83,83,53,83,83,Ages,South Australia,,0,same_page_as_previous_table_start,True
1911_census_volume_ii_part_i_ages,1911 Census - Volume II - Part I Ages.pdf,2112.0 - Volume II - Part I Ages,data\raw\abs_1911_census\1911 Census - Volume II - Part I Ages.pdf,104,53,"Western Australia.—Number of Males in Quinquennial Age Groups, as recorded in each Statistical District, at the Census of 3rd April, 1911",84,83,84,2,83 | 84,84,85,54,83,85,Ages,Western Australia,,0,same_page_as_next_table_start,True
1911_census_volume_ii_part_i_ages,1911 Census - Volume II - Part I Ages.pdf,2112.0 - Volume II - Part I Ages,data\raw\abs_1911_census\1911 Census - Volume II - Part I Ages.pdf,104,54,"Western Australia.—Number of Females in Quinquennial Age Groups, as recorded in each Statistical District, at the Census of 3rd April, 1911",84,83,84,2,83 | 84,84,85,55,85,85,Ages,Western Australia,,0,same_page_as_previous_table_start,True
1911_census_volume_ii_part_i_ages,1911 Census - Volume II - Part I Ages.pdf,2112.0 - Volume II - Part I Ages,data\raw\abs_1911_census\1911 Census - Volume II - Part I Ages.pdf,104,56,"Western Australia.—Number of Children in Single Ages under 5 years last birthday, recorded in each Statistical District, at the Census of 3rd April, 1911",88,87,87,1,87,88,88,57,87,88,Ages,Western Australia,,0,same_page_as_next_table_start,True
1911_census_volume_ii_part_i_ages,1911 Census - Volume II - Part I Ages.pdf,2112.0 - Volume II - Part I Ages,data\raw\abs_1911_census\1911 Census - Volume II - Part I Ages.pdf,104,57,"Western Australia.—Population of Commonwealth Electoral Divisions, as recorded at the Census of 3rd April, 1911",88,87,87,1,87,88,88,58,87,88,Ages,Western Australia,,0,same_page_as_next_table_start | same_page_as_previous_table_start,True
1911_census_volume_ii_part_i_ages,1911 Census - Volume II - Part I Ages.pdf,2112.0 - Volume II - Part I Ages,data\raw\abs_1911_census\1911 Census - Volume II - Part I Ages.pdf,104,58,"Western Australia.—Population of State Electoral Provinces, as recorded at the Census of 3rd April, 1911",88,87,87,1,87,88,88,59,88,88,Ages,Western Australia,,0,same_page_as_previous_table_start,True
1911_census_volume_ii_part_i_ages,1911 Census - Volume II - Part I Ages.pdf,2112.0 - Volume II - Part I Ages,data\raw\abs_1911_census\1911 Census - Volume II - Part I Ages.pdf,104,63,"Tasmania.—Number of Children in Single Ages under 5 years last Birthday, recorded in each Municipality, at the Census of 3rd April, 1911",96,95,95,1,95,96,96,64,95,96,Ages,Tasmania,,0,same_page_as_next_table_start,True
1911_census_volume_ii_part_i_ages,1911 Census - Volume II - Part I Ages.pdf,2112.0 - Volume II - Part I Ages,data\raw\abs_1911_census\1911 Census - Volume II - Part I Ages.pdf,104,64,"Tasmania.—Population of Commonwealth Electoral Divisions, as recorded at the Census of 3rd April, 1911",96,95,95,1,95,96,96,65,96,96,Ages,Tasmania,,0,same_page_as_previous_table_start,True
1911_census_volume_ii_part_i_ages,1911 Census - Volume II - Part I Ages.pdf,2112.0 - Volume II - Part I Ages,data\raw\abs_1911_census\1911 Census - Volume II - Part I Ages.pdf,104,65,"Tasmania.—Population of State Electoral Provinces, as recorded at the Census of 3rd April, 1911",97,96,96,1,96,97,97,66,96,97,Ages,Tasmania,,0,same_page_as_next_table_start,True
1911_census_volume_ii_part_i_ages,1911 Census - Volume II - Part I Ages.pdf,2112.0 - Volume II - Part I Ages,data\raw\abs_1911_census\1911 Census - Volume II - Part I Ages.pdf,104,66,"Northern Territory.—Population in Quinquennial Age Groups, as recorded in each County, at the Census of 3rd April, 1911",97,96,96,1,96,97,97,67,97,97,Ages,Northern Territory,,0,same_page_as_previous_table_start,True
1911_census_volume_ii_part_i_ages,1911 Census - Volume II - Part I Ages.pdf,2112.0 - Volume II - Part I Ages,data\raw\abs_1911_census\1911 Census - Volume II - Part I Ages.pdf,104,67,"Northern Territory.—Number of Children in Single Ages under 5 years last birthday, recorded in each County, at the Census of 3rd April, 1911",98,97,97,1,97,98,98,68,97,98,Ages,Northern Territory,,0,same_page_as_next_table_start,True
1911_census_volume_ii_part_i_ages,1911 Census - Volume II - Part I Ages.pdf,2112.0 - Volume II - Part I Ages,data\raw\abs_1911_census\1911 Census - Volume II - Part I Ages.pdf,104,68,"Federal Capital Territory.—Population in Quinquennial Age Groups, as recorded in each County, at the Census of 3rd April, 1911",98,97,97,1,97,98,98,69,97,98,Ages,Federal Capital Territory,,0,same_page_as_next_table_start | same_page_as_previous_table_start,True
1911_census_volume_ii_part_i_ages,1911 Census - Volume II - Part I Ages.pdf,2112.0 - Volume II - Part I Ages,data\raw\abs_1911_census\1911 Census - Volume II - Part I Ages.pdf,104,69,"Federal Capital Territory.—Number of Children in Single Ages under 5 years last birthday, recorded in each County, at the Census of 3rd April, 1911",98,97,97,1,97,98,98,70,98,98,Ages,Federal Capital Territory,,0,same_page_as_previous_table_start,True
1911_census_volume_ii_part_iii_length_of_residence,1911 Census - Volume II - Part III Length of Residence.pdf,2112.0 - Volume II - Part III Length of Residence,data\raw\abs_1911_census\1911 Census - Volume II - Part III Length of Residence.pdf,54,13,"Metropolitan and Extra-Metropolitan Population of Queensland at the Census of 3rd April, 1911, Classified according to Length of Residence in Australia",420,33,33,1,33,34,34,14,33,34,Length of Residence,Queensland,Part III Length of Residence,0,same_page_as_next_table_start,True
1911_census_volume_ii_part_iii_length_of_residence,1911 Census - Volume II - Part III Length of Residence.pdf,2112.0 - Volume II - Part III Length of Residence,data\raw\abs_1911_census\1911 Census - Volume II - Part III Length of Residence.pdf,54,14,"Metropolitan and Extra-Metropolitan Population of South Australia at the Census of 3rd April, 1911, Classified according to Length of Residence in Australia",420,33,33,1,33,34,34,15,34,34,Length of Residence,South Australia,Part III Length of Residence,0,same_page_as_previous_table_start,True
1911_census_volume_ii_part_iii_length_of_residence,1911 Census - Volume II - Part III Length of Residence.pdf,2112.0 - Volume II - Part III Length of Residence,data\raw\abs_1911_census\1911 Census - Volume II - Part III Length of Residence.pdf,54,15,"Metropolitan and Extra-Metropolitan Population of Western Australia at the Census of 3rd April, 1911, Classified according to Length of Residence in Australia",421,34,34,1,34,35,35,16,34,35,Length of Residence,Western Australia,Part III Length of Residence,0,same_page_as_next_table_start,True
1911_census_volume_ii_part_iii_length_of_residence,1911 Census - Volume II - Part III Length of Residence.pdf,2112.0 - Volume II - Part III Length of Residence,data\raw\abs_1911_census\1911 Census - Volume II - Part III Length of Residence.pdf,54,16,"Metropolitan and Extra-Metropolitan Population of Tasmania at the Census of 3rd April, 1911, Classified according to Length of Residence in Australia",421,34,34,1,34,35,35,17,35,35,Length of Residence,Tasmania,Part III Length of Residence,0,same_page_as_previous_table_start,True
1911_census_volume_ii_part_iv_education,1911 Census - Volume II - Part IV Education.pdf,2112.0 - Volume II - Part IV Education,data\raw\abs_1911_census\1911 Census - Volume II - Part IV Education.pdf,182,1,"Number of Persons Recorded in each State and Territory of the Commonwealth, at the Census of 3rd April, 1911, Classified according to Education and Sex",443,2,2,1,2,3,3,2,2,3,Education and Sex,"Commonwealth, States and Territories","CENSUS OF THE COMMONWEALTH OF AUSTRALIA, 1911-EDUCATION",0,same_page_as_next_table_start,True
1911_census_volume_ii_part_iv_education,1911 Census - Volume II - Part IV Education.pdf,2112.0 - Volume II - Part IV Education,data\raw\abs_1911_census\1911 Census - Volume II - Part IV Education.pdf,182,2,"Number of Persons Recorded in the Commonwealth, at the Censuses of 1891, 1901, and 1911, Classified according to Education and Sex",443,2,2,1,2,3,3,3,3,3,Education and Sex,Commonwealth,"CENSUS OF THE COMMONWEALTH OF AUSTRALIA, 1911-EDUCATION",0,same_page_as_previous_table_start,True
1911_census_volume_ii_part_v_schooling,1911 Census - Volume II - Part V Schooling.pdf,2112.0 - Volume II - Part V Schooling,data\raw\abs_1911_census\1911 Census - Volume II - Part V Schooling.pdf,124,28,"Northern Territory-Number of Females Recorded in each County, at the Census of 3rd April, 1911, Classified according to Schooling and Age",742,119,119,1,119,120,120,29,119,120,Schooling and Age (Females),Northern Territory (Counties),Part V Schooling,0,same_page_as_next_table_start,True
1911_census_volume_ii_part_v_schooling,1911 Census - Volume II - Part V Schooling.pdf,2112.0 - Volume II - Part V Schooling,data\raw\abs_1911_census\1911 Census - Volume II - Part V Schooling.pdf,124,29,"Northern Territory-Number of Persons Recorded in each County, at the Census of 3rd April, 1911, Classified according to Schooling and Age",742,119,119,1,119,120,120,30,120,120,Schooling and Age (Persons),Northern Territory (Counties),Part V Schooling,0,same_page_as_previous_table_start,True
1911_census_volume_ii_part_vi_religions,1911 Census - Volume II - Part VI Religions.pdf,2112.0 - Volume II - Part VI Religions,data\raw\abs_1911_census\1911 Census - Volume II - Part VI Religions.pdf,119,32,"Male Population of the Metropolis of each State of the Commonwealth, at the Census of 3rd April, 1911, Classified according to Religion",826,79,79,1,79,80,80,33,79,80,Religions,Metropolitan,Part VI Religions,0,same_page_as_next_table_start,True
1911_census_volume_ii_part_vi_religions,1911 Census - Volume II - Part VI Religions.pdf,2112.0 - Volume II - Part VI Religions,data\raw\abs_1911_census\1911 Census - Volume II - Part VI Religions.pdf,119,33,"Female Population of the Metropolis of each State of the Commonwealth, at the Census of 3rd April, 1911, Classified according to Religion",826,79,79,1,79,80,80,34,80,80,Religions,Metropolitan,Part VI Religions,0,same_page_as_previous_table_start,True
1911_census_volume_ii_part_vi_religions,1911 Census - Volume II - Part VI Religions.pdf,2112.0 - Volume II - Part VI Religions,data\raw\abs_1911_census\1911 Census - Volume II - Part VI Religions.pdf,119,38,"Male Population of the Counties of Victoria, at the Census of 3rd April, 1911, Classified according to Religion",840,93,94,2,93 | 94,94,95,39,93,95,Religions,Victoria (Counties),Part VI Religions,0,same_page_as_next_table_start,True
1911_census_volume_ii_part_vi_religions,1911 Census - Volume II - Part VI Religions.pdf,2112.0 - Volume II - Part VI Religions,data\raw\abs_1911_census\1911 Census - Volume II - Part VI Religions.pdf,119,39,"Female Population of the Counties of Victoria, at the Census of 3rd April, 1911, Classified according to Religion",840,93,94,2,93 | 94,94,95,40,95,95,Religions,Victoria (Counties),Part VI Religions,0,same_page_as_previous_table_start,True
1911_census_volume_ii_part_vi_religions,1911 Census - Volume II - Part VI Religions.pdf,2112.0 - Volume II - Part VI Religions,data\raw\abs_1911_census\1911 Census - Volume II - Part VI Religions.pdf,119,44,"Male Population of the Counties and Divisions of South Australia, at the Census of 3rd April, 1911, Classified according to Religion",850,103,104,2,103 | 104,104,105,45,103,105,Religions,South Australia (Counties and Divisions),Part VI Religions,0,same_page_as_next_table_start,True
1911_census_volume_ii_part_vi_religions,1911 Census - Volume II - Part VI Religions.pdf,2112.0 - Volume II - Part VI Religions,data\raw\abs_1911_census\1911 Census - Volume II - Part VI Religions.pdf,119,45,"Female Population of the Counties and Division of South Australia, at the Census of 3rd April, 1911, Classified according to Religion",850,103,104,2,103 | 104,104,105,46,105,105,Religions,South Australia (Counties and Divisions),Part VI Religions,0,same_page_as_previous_table_start,True
1911_census_volume_ii_part_vi_religions,1911 Census - Volume II - Part VI Religions.pdf,2112.0 - Volume II - Part VI Religions,data\raw\abs_1911_census\1911 Census - Volume II - Part VI Religions.pdf,119,47,"Male Population of the Statistical Districts of Western Australia, at the Census of 3rd April, 1911, Classified according to Religion",854,107,108,2,107 | 108,108,109,48,107,109,Religions,Western Australia (Statistical Districts),Part VI Religions,0,same_page_as_next_table_start,True
1911_census_volume_ii_part_vi_religions,1911 Census - Volume II - Part VI Religions.pdf,2112.0 - Volume II - Part VI Religions,data\raw\abs_1911_census\1911 Census - Volume II - Part VI Religions.pdf,119,48,"Female Population of the Statistical Districts of Western Australia, at the Census of 3rd April, 1911, Classified according to Religion",854,107,108,2,107 | 108,108,109,49,109,109,Religions,Western Australia (Statistical Districts),Part VI Religions,0,same_page_as_previous_table_start,True
1911_census_volume_ii_part_vi_religions,1911 Census - Volume II - Part VI Religions.pdf,2112.0 - Volume II - Part VI Religions,data\raw\abs_1911_census\1911 Census - Volume II - Part VI Religions.pdf,119,49,"Total Population of the Statistical Districts of Western Australia, at the Census of 3rd April, 1911, Classified according to Religion",856,109,110,2,109 | 110,110,111,50,109,111,Religions,Western Australia (Statistical Districts),Part VI Religions,0,same_page_as_next_table_start,True
1911_census_volume_ii_part_vi_religions,1911 Census - Volume II - Part VI Religions.pdf,2112.0 - Volume II - Part VI Religions,data\raw\abs_1911_census\1911 Census - Volume II - Part VI Religions.pdf,119,50,"Male Population of the Municipalities of Tasmania, at the Census of 3rd April, 1911, Classified according to Religion",856,109,110,2,109 | 110,110,111,51,111,111,Religions,Tasmania (Municipalities),Part VI Religions,0,same_page_as_previous_table_start,True
1911_census_volume_ii_part_vi_religions,1911 Census - Volume II - Part VI Religions.pdf,2112.0 - Volume II - Part VI Religions,data\raw\abs_1911_census\1911 Census - Volume II - Part VI Religions.pdf,119,51,"Female Population of the Municipalities of Tasmania, at the Census of 3rd April, 1911, Classified according to Religion",858,111,112,2,111 | 112,112,113,52,111,113,Religions,Tasmania (Municipalities),Part VI Religions,0,same_page_as_next_table_start,True
1911_census_volume_ii_part_vi_religions,1911 Census - Volume II - Part VI Religions.pdf,2112.0 - Volume II - Part VI Religions,data\raw\abs_1911_census\1911 Census - Volume II - Part VI Religions.pdf,119,52,"Total Population of the Municipalities of Tasmania, at the Census of 3rd April, 1911, Classified according to Religion",858,111,112,2,111 | 112,112,113,53,113,113,Religions,Tasmania (Municipalities),Part VI Religions,0,same_page_as_previous_table_start,True
1911_census_volume_ii_part_vi_religions,1911 Census - Volume II - Part VI Religions.pdf,2112.0 - Volume II - Part VI Religions,data\raw\abs_1911_census\1911 Census - Volume II - Part VI Religions.pdf,119,54,"Population of the Divisions of the Federal Capital Territory, at the Census of 3rd April, 1911, Classified according to Religion and Sex",862,115,115,1,115,116,116,55,115,116,Religions,Federal Capital Territory (Divisions),Part VI Religions,0,same_page_as_next_table_start,True
1911_census_volume_ii_part_vi_religions,1911 Census - Volume II - Part VI Religions.pdf,2112.0 - Volume II - Part VI Religions,data\raw\abs_1911_census\1911 Census - Volume II - Part VI Religions.pdf,119,55,"Number of Aboriginal Males Recorded in each State and Territory of the Commonwealth, at the Census of 3rd April, 1911, Classified according to Religion",862,115,115,1,115,116,116,56,116,116,Aboriginals,States and Territories of the Commonwealth,Part VI Religions,0,same_page_as_previous_table_start,True
1911_census_volume_ii_part_viii_non_european_races,1911 Census - Volume II - Part VIII Non-European Races.pdf,2112.0 - Volume II - Part VIII Non-European Races,data\raw\abs_1911_census\1911 Census - Volume II - Part VIII Non-European Races.pdf,177,1,"Persons of Non-European Race enumerated in the Commonwealth of Australia, at the Census of 3rd April 1911. Summary by States",903,6,6,1,6,7,7,2,6,7,Summary by States,Commonwealth of Australia,"CENSUS OF THE COMMONWEALTH OF AUSTRALIA, 1911.-NON-EUROPEAN RACES.",0,same_page_as_next_table_start,True
1911_census_volume_ii_part_viii_non_european_races,1911 Census - Volume II - Part VIII Non-European Races.pdf,2112.0 - Volume II - Part VIII Non-European Races,data\raw\abs_1911_census\1911 Census - Volume II - Part VIII Non-European Races.pdf,177,2,"Persons of Non-European Race enumerated in the Commonwealth of Australia, at the Census of 3rd April, 1911. Summary by Races",903,6,6,1,6,7,7,3,7,7,Summary by Races,Commonwealth of Australia,"CENSUS OF THE COMMONWEALTH OF AUSTRALIA, 1911.-NON-EUROPEAN RACES.",0,same_page_as_previous_table_start,True
1911_census_volume_ii_part_viii_non_european_races,1911 Census - Volume II - Part VIII Non-European Races.pdf,2112.0 - Volume II - Part VIII Non-European Races,data\raw\abs_1911_census\1911 Census - Volume II - Part VIII Non-European Races.pdf,177,3,"Males of each Non-European Race enumerated in the several States and Territories of the Commonwealth of Australia, at the Census of 3rd April, 1911",904,7,7,1,7,8,8,4,7,8,Males of each Non-European Race,States and Territories of the Commonwealth of Australia,"CENSUS OF THE COMMONWEALTH OF AUSTRALIA, 1911.-NON-EUROPEAN RACES.",0,same_page_as_next_table_start,True
1911_census_volume_ii_part_viii_non_european_races,1911 Census - Volume II - Part VIII Non-European Races.pdf,2112.0 - Volume II - Part VIII Non-European Races,data\raw\abs_1911_census\1911 Census - Volume II - Part VIII Non-European Races.pdf,177,4,"Females of each Non-European Race enumerated in the several States and Territories of the Commonwealth of Australia, at the Census of 3rd April, 1911",904,7,7,1,7,8,8,5,8,8,Females of each Non-European Race,States and Territories of the Commonwealth of Australia,"CENSUS OF THE COMMONWEALTH OF AUSTRALIA, 1911.-NON-EUROPEAN RACES.",0,same_page_as_previous_table_start,True
1911_census_volume_ii_part_viii_non_european_races,1911 Census - Volume II - Part VIII Non-European Races.pdf,2112.0 - Volume II - Part VIII Non-European Races,data\raw\abs_1911_census\1911 Census - Volume II - Part VIII Non-European Races.pdf,177,6,"Commonwealth of Australia.—Males of Non-European Race enumerated at the Census of 3rd April, 1911, Classified according to Race and Age",906,9,10,2,9 | 10,10,11,7,9,11,Ages,Commonwealth of Australia,AGES.,0,same_page_as_next_table_start,True
1911_census_volume_ii_part_viii_non_european_races,1911 Census - Volume II - Part VIII Non-European Races.pdf,2112.0 - Volume II - Part VIII Non-European Races,data\raw\abs_1911_census\1911 Census - Volume II - Part VIII Non-European Races.pdf,177,7,"Commonwealth of Australia.—Females of Non-European Race enumerated at the Census of 3rd April, 1911, Classified according to Race and Age",906,9,10,2,9 | 10,10,11,8,11,11,Ages,Commonwealth of Australia,AGES.,0,same_page_as_previous_table_start,True
1911_census_volume_ii_part_viii_non_european_races,1911 Census - Volume II - Part VIII Non-European Races.pdf,2112.0 - Volume II - Part VIII Non-European Races,data\raw\abs_1911_census\1911 Census - Volume II - Part VIII Non-European Races.pdf,177,8,"Commonwealth of Australia.—Persons of Non-European Race enumerated at the Census of 3rd April, 1911, Classified according to Race and Age",908,11,12,2,11 | 12,12,13,9,11,13,Ages,Commonwealth of Australia,AGES.,0,same_page_as_next_table_start,True
1911_census_volume_ii_part_viii_non_european_races,1911 Census - Volume II - Part VIII Non-European Races.pdf,2112.0 - Volume II - Part VIII Non-European Races,data\raw\abs_1911_census\1911 Census - Volume II - Part VIII Non-European Races.pdf,177,9,"Commonwealth of Australia.—Males of Non-European Race enumerated in the several States and Territories, at the Census of 3rd April, 1911, Classified according to Age",908,11,12,2,11 | 12,12,13,10,13,13,Ages,States and Territories of the Commonwealth of Australia,AGES.,0,same_page_as_previous_table_start,True
1911_census_volume_ii_part_viii_non_european_races,1911 Census - Volume II - Part VIII Non-European Races.pdf,2112.0 - Volume II - Part VIII Non-European Races,data\raw\abs_1911_census\1911 Census - Volume II - Part VIII Non-European Races.pdf,177,10,"Commonwealth of Australia.—Females of Non-European Race enumerated in the several States and Territories, at the Census of 3rd April, 1911, Classified according to Age",910,13,14,2,13 | 14,14,15,11,13,15,Ages,States and Territories of the Commonwealth of Australia,AGES.,0,same_page_as_next_table_start,True
1911_census_volume_ii_part_viii_non_european_races,1911 Census - Volume II - Part VIII Non-European Races.pdf,2112.0 - Volume II - Part VIII Non-European Races,data\raw\abs_1911_census\1911 Census - Volume II - Part VIII Non-European Races.pdf,177,11,"Commonwealth of Australia.—Persons of Non-European Race enumerated in the several States and Territories, at the Census of 3rd April, 1911, Classified according to Age",910,13,14,2,13 | 14,14,15,12,15,15,Ages,States and Territories of the Commonwealth of Australia,AGES.,0,same_page_as_previous_table_start,True
1911_census_volume_ii_part_viii_non_european_races,1911 Census - Volume II - Part VIII Non-European Races.pdf,2112.0 - Volume II - Part VIII Non-European Races,data\raw\abs_1911_census\1911 Census - Volume II - Part VIII Non-European Races.pdf,177,12,"New South Wales.—Males of Non-European Race enumerated at the Census of 3rd April, 1911, Classified according to Race and Age",912,15,16,2,15 | 16,16,17,13,15,17,Ages,New South Wales,AGES.,0,same_page_as_next_table_start,True
1911_census_volume_ii_part_viii_non_european_races,1911 Census - Volume II - Part VIII Non-European Races.pdf,2112.0 - Volume II - Part VIII Non-European Races,data\raw\abs_1911_census\1911 Census - Volume II - Part VIII Non-European Races.pdf,177,13,"New South Wales.—Females of Non-European Race enumerated at the Census of 3rd April, 1911, Classified according to Race and Age",912,15,16,2,15 | 16,16,17,14,17,17,Ages,New South Wales,AGES.,0,same_page_as_previous_table_start,True
1911_census_volume_ii_part_viii_non_european_races,1911 Census - Volume II - Part VIII Non-European Races.pdf,2112.0 - Volume II - Part VIII Non-European Races,data\raw\abs_1911_census\1911 Census - Volume II - Part VIII Non-European Races.pdf,177,14,"New South Wales.—Persons of Non-European Race enumerated at the Census of 3rd April, 1911, Classified according to Race and Age",914,17,18,2,17 | 18,18,19,15,17,19,Ages,New South Wales,AGES.,0,same_page_as_next_table_start,True
1911_census_volume_ii_part_viii_non_european_races,1911 Census - Volume II - Part VIII Non-European Races.pdf,2112.0 - Volume II - Part VIII Non-European Races,data\raw\abs_1911_census\1911 Census - Volume II - Part VIII Non-European Races.pdf,177,15,"Victoria.—Males of Non-European Race enumerated, at the Census of 3rd April, 1911. Classified according to Race and Age",914,17,18,2,17 | 18,18,19,16,19,19,Ages,Victoria,AGES.,0,same_page_as_previous_table_start,True
1911_census_volume_ii_part_viii_non_european_races,1911 Census - Volume II - Part VIII Non-European Races.pdf,2112.0 - Volume II - Part VIII Non-European Races,data\raw\abs_1911_census\1911 Census - Volume II - Part VIII Non-European Races.pdf,177,16,"Victoria.—Females of Non-European Race enumerated at the Census of 3rd April, 1911, Classified according to Race and Age",916,19,20,2,19 | 20,20,21,17,19,21,Ages,Victoria,AGES.,0,same_page_as_next_table_start,True
1911_census_volume_ii_part_viii_non_european_races,1911 Census - Volume II - Part VIII Non-European Races.pdf,2112.0 - Volume II - Part VIII Non-European Races,data\raw\abs_1911_census\1911 Census - Volume II - Part VIII Non-European Races.pdf,177,17,"Victoria.—Persons of Non-European Race enumerated at the Census of 3rd April, 1911, Classified according to Race and Age",916,19,20,2,19 | 20,20,21,18,21,21,Ages,Victoria,AGES.,0,same_page_as_previous_table_start,True
1911_census_volume_ii_part_viii_non_european_races,1911 Census - Volume II - Part VIII Non-European Races.pdf,2112.0 - Volume II - Part VIII Non-European Races,data\raw\abs_1911_census\1911 Census - Volume II - Part VIII Non-European Races.pdf,177,18,"Queensland.—Males of Non-European Race enumerated at the Census of 3rd April, 1911, Classified according to Race and Age",918,21,22,2,21 | 22,22,23,19,21,23,Ages,Queensland,AGES.,0,same_page_as_next_table_start,True
1911_census_volume_ii_part_viii_non_european_races,1911 Census - Volume II - Part VIII Non-European Races.pdf,2112.0 - Volume II - Part VIII Non-European Races,data\raw\abs_1911_census\1911 Census - Volume II - Part VIII Non-European Races.pdf,177,19,"Queensland.—Females of Non-European Race enumerated at the Census of 3rd April, 1911, Classified according to Race and Age",918,21,22,2,21 | 22,22,23,20,23,23,Ages,Queensland,AGES.,0,same_page_as_previous_table_start,True
1911_census_volume_ii_part_viii_non_european_races,1911 Census - Volume II - Part VIII Non-European Races.pdf,2112.0 - Volume II - Part VIII Non-European Races,data\raw\abs_1911_census\1911 Census - Volume II - Part VIII Non-European Races.pdf,177,20,"Queensland.—Persons of Non-European Race enumerated at the Census of 3rd April, 1911, Classified according to Race and Age",920,23,24,2,23 | 24,24,25,21,23,25,Ages,Queensland,AGES.,0,same_page_as_next_table_start,True
1911_census_volume_ii_part_viii_non_european_races,1911 Census - Volume II - Part VIII Non-European Races.pdf,2112.0 - Volume II - Part VIII Non-European Races,data\raw\abs_1911_census\1911 Census - Volume II - Part VIII Non-European Races.pdf,177,21,"South Australia.—Males of Non-European Race enumerated at the Census of 3rd April, 1911, Classified according to Race and Age",920,23,24,2,23 | 24,24,25,22,25,25,Ages,South Australia,AGES.,0,same_page_as_previous_table_start,True
1911_census_volume_ii_part_viii_non_european_races,1911 Census - Volume II - Part VIII Non-European Races.pdf,2112.0 - Volume II - Part VIII Non-European Races,data\raw\abs_1911_census\1911 Census - Volume II - Part VIII Non-European Races.pdf,177,22,"South Australia.—Females of Non-European Race enumerated at the Census of 3rd April, 1911, Classified according to Race and Age",922,25,26,2,25 | 26,26,27,23,25,27,Ages,South Australia,AGES.,0,same_page_as_next_table_start,True
1911_census_volume_ii_part_viii_non_european_races,1911 Census - Volume II - Part VIII Non-European Races.pdf,2112.0 - Volume II - Part VIII Non-European Races,data\raw\abs_1911_census\1911 Census - Volume II - Part VIII Non-European Races.pdf,177,23,"South Australia.—Persons of Non-European Race enumerated at the Census of 3rd April, 1911, Classified according to Race and Age",922,25,26,2,25 | 26,26,27,24,27,27,Ages,South Australia,AGES.,0,same_page_as_previous_table_start,True
1911_census_volume_ii_part_viii_non_european_races,1911 Census - Volume II - Part VIII Non-European Races.pdf,2112.0 - Volume II - Part VIII Non-European Races,data\raw\abs_1911_census\1911 Census - Volume II - Part VIII Non-European Races.pdf,177,24,"Western Australia.—Males of Non-European Race enumerated at the Census of 3rd April, 1911, Classified according to Race and Age",924,27,28,2,27 | 28,28,29,25,27,29,Ages,Western Australia,AGES.,0,same_page_as_next_table_start,True
1911_census_volume_ii_part_viii_non_european_races,1911 Census - Volume II - Part VIII Non-European Races.pdf,2112.0 - Volume II - Part VIII Non-European Races,data\raw\abs_1911_census\1911 Census - Volume II - Part VIII Non-European Races.pdf,177,25,"Western Australia.—Females of Non-European Race enumerated at the Census of 3rd April, 1911, Classified according to Race and Age",924,27,28,2,27 | 28,28,29,26,29,29,Ages,Western Australia,AGES.,0,same_page_as_previous_table_start,True
1911_census_volume_ii_part_viii_non_european_races,1911 Census - Volume II - Part VIII Non-European Races.pdf,2112.0 - Volume II - Part VIII Non-European Races,data\raw\abs_1911_census\1911 Census - Volume II - Part VIII Non-European Races.pdf,177,26,"Western Australia.—Persons of Non-European Race enumerated at the Census of 3rd April, 1911, Classified according to Race and Age",926,29,30,2,29 | 30,30,31,27,29,31,Ages,Western Australia,AGES.,0,same_page_as_next_table_start,True
1911_census_volume_ii_part_viii_non_european_races,1911 Census - Volume II - Part VIII Non-European Races.pdf,2112.0 - Volume II - Part VIII Non-European Races,data\raw\abs_1911_census\1911 Census - Volume II - Part VIII Non-European Races.pdf,177,27,"Tasmania.—Males of Non-European Race enumerated at the Census of 3rd April, 1911, Classified according to Race and Age",926,29,30,2,29 | 30,30,31,28,31,31,Ages,Tasmania,AGES.,0,same_page_as_previous_table_start,True
1911_census_volume_ii_part_viii_non_european_races,1911 Census - Volume II - Part VIII Non-European Races.pdf,2112.0 - Volume II - Part VIII Non-European Races,data\raw\abs_1911_census\1911 Census - Volume II - Part VIII Non-European Races.pdf,177,28,"Tasmania.—Females of Non-European Race enumerated at the Census of 3rd April, 1911, Classified according to Race and Age",928,31,32,2,31 | 32,32,33,29,31,33,Ages,Tasmania,AGES.,0,same_page_as_next_table_start,True
1911_census_volume_ii_part_viii_non_european_races,1911 Census - Volume II - Part VIII Non-European Races.pdf,2112.0 - Volume II - Part VIII Non-European Races,data\raw\abs_1911_census\1911 Census - Volume II - Part VIII Non-European Races.pdf,177,29,"Tasmania.—Persons of Non-European Race enumerated at the Census of 3rd April, 1911, Classified according to Race and Age",928,31,32,2,31 | 32,32,33,30,33,33,Ages,Tasmania,AGES.,0,same_page_as_previous_table_start,True
1911_census_volume_ii_part_viii_non_european_races,1911 Census - Volume II - Part VIII Non-European Races.pdf,2112.0 - Volume II - Part VIII Non-European Races,data\raw\abs_1911_census\1911 Census - Volume II - Part VIII Non-European Races.pdf,177,30,"Northern Territory.—Males of Non-European Race enumerated at the Census of 3rd April, 1911, Classified according to Race and Age",930,33,34,2,33 | 34,34,35,31,33,35,Ages,Northern Territory,AGES.,0,same_page_as_next_table_start,True
1911_census_volume_ii_part_viii_non_european_races,1911 Census - Volume II - Part VIII Non-European Races.pdf,2112.0 - Volume II - Part VIII Non-European Races,data\raw\abs_1911_census\1911 Census - Volume II - Part VIII Non-European Races.pdf,177,31,"Northern Territory.—Females of Non-European Race enumerated at the Census of 3rd April, 1911, Classified according to Race and Age",930,33,34,2,33 | 34,34,35,32,35,35,Ages,Northern Territory,AGES.,0,same_page_as_previous_table_start,True
1911_census_volume_ii_part_viii_non_european_races,1911 Census - Volume II - Part VIII Non-European Races.pdf,2112.0 - Volume II - Part VIII Non-European Races,data\raw\abs_1911_census\1911 Census - Volume II - Part VIII Non-European Races.pdf,177,32,"Northern Territory.—Persons of Non-European Race enumerated at the Census of 3rd April, 1911, Classified according to Race and Age",932,35,36,2,35 | 36,36,37,33,35,37,Ages,Northern Territory,AGES.,0,same_page_as_next_table_start,True
1911_census_volume_ii_part_viii_non_european_races,1911 Census - Volume II - Part VIII Non-European Races.pdf,2112.0 - Volume II - Part VIII Non-European Races,data\raw\abs_1911_census\1911 Census - Volume II - Part VIII Non-European Races.pdf,177,33,"Federal Capital Territory.—Persons of Non-European Race enumerated at the Census of 3rd April, 1911, Classified according to Race, Age and Sex",932,35,36,2,35 | 36,36,37,34,37,37,Ages,Federal Capital Territory,AGES.,0,same_page_as_previous_table_start,True
1911_census_volume_ii_part_viii_non_european_races,1911 Census - Volume II - Part VIII Non-European Races.pdf,2112.0 - Volume II - Part VIII Non-European Races,data\raw\abs_1911_census\1911 Census - Volume II - Part VIII Non-European Races.pdf,177,40,"New South Wales.—Males of Non-European Race enumerated at the Census of 3rd April, 1911, Classified according to Race, Nationality, Length of Residence, Education and Conjugal Condition",946,49,50,2,49 | 50,50,51,41,49,51,"Race, Nationality, Length of Residence, Education and Conjugal Condition",New South Wales,"RACE, NATIONALITY, LENGTH OF RESIDENCE, EDUCATION AND CONJUGAL CONDITION.",0,same_page_as_next_table_start,True
1911_census_volume_ii_part_viii_non_european_races,1911 Census - Volume II - Part VIII Non-European Races.pdf,2112.0 - Volume II - Part VIII Non-European Races,data\raw\abs_1911_census\1911 Census - Volume II - Part VIII Non-European Races.pdf,177,41,"New South Wales.—Females of Non-European Race enumerated at the Census of 3rd April, 1911, Classified according to Race, Nationality, Length of Residence, Education and Conjugal Condition",946,49,50,2,49 | 50,50,51,42,51,51,"Race, Nationality, Length of Residence, Education and Conjugal Condition",New South Wales,"RACE, NATIONALITY, LENGTH OF RESIDENCE, EDUCATION AND CONJUGAL CONDITION.",0,same_page_as_previous_table_start,True
1911_census_volume_ii_part_viii_non_european_races,1911 Census - Volume II - Part VIII Non-European Races.pdf,2112.0 - Volume II - Part VIII Non-European Races,data\raw\abs_1911_census\1911 Census - Volume II - Part VIII Non-European Races.pdf,177,43,"Victoria.—Males of Non-European Race enumerated at the Census of 3rd April, 1911, Classified according to Race, Nationality, Length of Residence, Education and Conjugal Condition",950,53,54,2,53 | 54,54,55,44,53,55,"Race, Nationality, Length of Residence, Education and Conjugal Condition",Victoria,"RACE, NATIONALITY, LENGTH OF RESIDENCE, EDUCATION AND CONJUGAL CONDITION.",0,same_page_as_next_table_start,True
1911_census_volume_ii_part_viii_non_european_races,1911 Census - Volume II - Part VIII Non-European Races.pdf,2112.0 - Volume II - Part VIII Non-European Races,data\raw\abs_1911_census\1911 Census - Volume II - Part VIII Non-European Races.pdf,177,44,"Victoria.—Females of Non-European Race enumerated at the Census of 3rd April, 1911, Classified according to Race, Nationality, Length of Residence, Education and Conjugal Condition",950,53,54,2,53 | 54,54,55,45,55,55,"Race, Nationality, Length of Residence, Education and Conjugal Condition",Victoria,"RACE, NATIONALITY, LENGTH OF RESIDENCE, EDUCATION AND CONJUGAL CONDITION.",0,same_page_as_previous_table_start,True
1911_census_volume_ii_part_viii_non_european_races,1911 Census - Volume II - Part VIII Non-European Races.pdf,2112.0 - Volume II - Part VIII Non-European Races,data\raw\abs_1911_census\1911 Census - Volume II - Part VIII Non-European Races.pdf,177,46,"Queensland.—Males of Non-European Race enumerated at the Census of 3rd April, 1911, Classified according to Race, Nationality, Length of Residence, Education and Conjugal Condition",954,57,58,2,57 | 58,58,59,47,57,59,"Race, Nationality, Length of Residence, Education and Conjugal Condition",Queensland,"RACE, NATIONALITY, LENGTH OF RESIDENCE, EDUCATION AND CONJUGAL CONDITION.",0,same_page_as_next_table_start,True
1911_census_volume_ii_part_viii_non_european_races,1911 Census - Volume II - Part VIII Non-European Races.pdf,2112.0 - Volume II - Part VIII Non-European Races,data\raw\abs_1911_census\1911 Census - Volume II - Part VIII Non-European Races.pdf,177,47,"Queensland.—Females of Non-European Race enumerated at the Census of 3rd April, 1911, Classified according to Race, Nationality, Length of Residence, Education and Conjugal Condition",954,57,58,2,57 | 58,58,59,48,59,59,"Race, Nationality, Length of Residence, Education and Conjugal Condition",Queensland,"RACE, NATIONALITY, LENGTH OF RESIDENCE, EDUCATION AND CONJUGAL CONDITION.",0,same_page_as_previous_table_start,True
1911_census_volume_ii_part_viii_non_european_races,1911 Census - Volume II - Part VIII Non-European Races.pdf,2112.0 - Volume II - Part VIII Non-European Races,data\raw\abs_1911_census\1911 Census - Volume II - Part VIII Non-European Races.pdf,177,49,"South Australia.—Males of Non-European Race enumerated at the Census of 3rd April, 1911, Classified according to Race, Nationality, Length of Residence, Education and Conjugal Condition",958,61,62,2,61 | 62,62,63,50,61,63,"Race, Nationality, Length of Residence, Education and Conjugal Condition",South Australia,"RACE, NATIONALITY, LENGTH OF RESIDENCE, EDUCATION AND CONJUGAL CONDITION.",0,same_page_as_next_table_start,True
1911_census_volume_ii_part_viii_non_european_races,1911 Census - Volume II - Part VIII Non-European Races.pdf,2112.0 - Volume II - Part VIII Non-European Races,data\raw\abs_1911_census\1911 Census - Volume II - Part VIII Non-European Races.pdf,177,50,"South Australia.—Females of Non-European Race enumerated at the Census of 3rd April, 1911, Classified according to Race, Nationality, Length of Residence, Education and Conjugal Condition",958,61,62,2,61 | 62,62,63,51,63,63,"Race, Nationality, Length of Residence, Education and Conjugal Condition",South Australia,"RACE, NATIONALITY, LENGTH OF RESIDENCE, EDUCATION AND CONJUGAL CONDITION.",0,same_page_as_previous_table_start,True
1911_census_volume_ii_part_viii_non_european_races,1911 Census - Volume II - Part VIII Non-European Races.pdf,2112.0 - Volume II - Part VIII Non-European Races,data\raw\abs_1911_census\1911 Census - Volume II - Part VIII Non-European Races.pdf,177,52,"Western Australia.—Males of Non-European Race enumerated at the Census of 3rd April, 1911, Classified according to Race, Nationality, Length of Residence, Education and Conjugal Condition",962,65,66,2,65 | 66,66,67,53,65,67,"Race, Nationality, Length of Residence, Education and Conjugal Condition",Western Australia,"RACE, NATIONALITY, LENGTH OF RESIDENCE, EDUCATION AND CONJUGAL CONDITION.",0,same_page_as_next_table_start,True
1911_census_volume_ii_part_viii_non_european_races,1911 Census - Volume II - Part VIII Non-European Races.pdf,2112.0 - Volume II - Part VIII Non-European Races,data\raw\abs_1911_census\1911 Census - Volume II - Part VIII Non-European Races.pdf,177,53,"Western Australia.—Females of Non-European Race enumerated at the Census of 3rd April, 1911, Classified according to Race, Nationality, Length of Residence, Education and Conjugal Condition",962,65,66,2,65 | 66,66,67,54,67,67,"Race, Nationality, Length of Residence, Education and Conjugal Condition",Western Australia,"RACE, NATIONALITY, LENGTH OF RESIDENCE, EDUCATION AND CONJUGAL CONDITION.",0,same_page_as_previous_table_start,True
1911_census_volume_ii_part_viii_non_european_races,1911 Census - Volume II - Part VIII Non-European Races.pdf,2112.0 - Volume II - Part VIII Non-European Races,data\raw\abs_1911_census\1911 Census - Volume II - Part VIII Non-European Races.pdf,177,55,"Tasmania.—Males of Non-European Race enumerated at the Census of 3rd April, 1911, Classified according to Race, Nationality, Length of Residence, Education and Conjugal Condition",966,69,70,2,69 | 70,70,71,56,69,71,"Race, Nationality, Length of Residence, Education and Conjugal Condition",Tasmania,"RACE, NATIONALITY, LENGTH OF RESIDENCE, EDUCATION AND CONJUGAL CONDITION.",0,same_page_as_next_table_start,True
1911_census_volume_ii_part_viii_non_european_races,1911 Census - Volume II - Part VIII Non-European Races.pdf,2112.0 - Volume II - Part VIII Non-European Races,data\raw\abs_1911_census\1911 Census - Volume II - Part VIII Non-European Races.pdf,177,56,"Tasmania.—Females of Non-European Race enumerated at the Census of 3rd April, 1911, Classified according to Race, Nationality, Length of Residence, Education and Conjugal Condition",966,69,70,2,69 | 70,70,71,57,71,71,"Race, Nationality, Length of Residence, Education and Conjugal Condition",Tasmania,"RACE, NATIONALITY, LENGTH OF RESIDENCE, EDUCATION AND CONJUGAL CONDITION.",0,same_page_as_previous_table_start,True
1911_census_volume_ii_part_viii_non_european_races,1911 Census - Volume II - Part VIII Non-European Races.pdf,2112.0 - Volume II - Part VIII Non-European Races,data\raw\abs_1911_census\1911 Census - Volume II - Part VIII Non-European Races.pdf,177,57,"Tasmania.—Persons of Non-European Race enumerated at the Census of 3rd April, 1911, Classified according to Race, Nationality, Length of Residence, Education and Conjugal Condition",968,71,72,2,71 | 72,72,73,58,71,73,"Race, Nationality, Length of Residence, Education and Conjugal Condition",Tasmania,"RACE, NATIONALITY, LENGTH OF RESIDENCE, EDUCATION AND CONJUGAL CONDITION.",0,same_page_as_next_table_start,True
1911_census_volume_ii_part_viii_non_european_races,1911 Census - Volume II - Part VIII Non-European Races.pdf,2112.0 - Volume II - Part VIII Non-European Races,data\raw\abs_1911_census\1911 Census - Volume II - Part VIII Non-European Races.pdf,177,58,"Northern Territory.—Males of Non-European Race enumerated at the Census of 3rd April, 1911, Classified according to Race, Nationality, Length of Residence, Education and Conjugal Condition",968,71,72,2,71 | 72,72,73,59,73,73,"Race, Nationality, Length of Residence, Education and Conjugal Condition",Northern Territory,"RACE, NATIONALITY, LENGTH OF RESIDENCE, EDUCATION AND CONJUGAL CONDITION.",0,same_page_as_previous_table_start,True
1911_census_volume_ii_part_viii_non_european_races,1911 Census - Volume II - Part VIII Non-European Races.pdf,2112.0 - Volume II - Part VIII Non-European Races,data\raw\abs_1911_census\1911 Census - Volume II - Part VIII Non-European Races.pdf,177,59,"Northern Territory.—Females of Non-European Race enumerated at the Census of 3rd April, 1911, Classified according to Race, Nationality, Length of Residence, Education and Conjugal Condition",970,73,74,2,73 | 74,74,75,60,73,75,"Race, Nationality, Length of Residence, Education and Conjugal Condition",Northern Territory,"RACE, NATIONALITY, LENGTH OF RESIDENCE, EDUCATION AND CONJUGAL CONDITION.",0,same_page_as_next_table_start,True
1911_census_volume_ii_part_viii_non_european_races,1911 Census - Volume II - Part VIII Non-European Races.pdf,2112.0 - Volume II - Part VIII Non-European Races,data\raw\abs_1911_census\1911 Census - Volume II - Part VIII Non-European Races.pdf,177,60,"Northern Territory.—Persons of Non-European Race enumerated at the Census of 3rd April, 1911, Classified according to Race, Nationality, Length of Residence, Education and Conjugal Condition",970,73,74,2,73 | 74,74,75,61,75,75,"Race, Nationality, Length of Residence, Education and Conjugal Condition",Northern Territory,"RACE, NATIONALITY, LENGTH OF RESIDENCE, EDUCATION AND CONJUGAL CONDITION.",0,same_page_as_previous_table_start,True
1911_census_volume_ii_part_viii_non_european_races,1911 Census - Volume II - Part VIII Non-European Races.pdf,2112.0 - Volume II - Part VIII Non-European Races,data\raw\abs_1911_census\1911 Census - Volume II - Part VIII Non-European Races.pdf,177,83,"Western Australia.—Females of Non-European Race enumerated at the Census of 3rd April, 1911, Classified according to Birthplace and Race",1008,111,112,2,111 | 112,112,113,84,106,113,Birthplaces,Western Australia,BIRTHPLACES.,0,next_numbered_table_starts_before_this_table,True
1911_census_volume_ii_part_viii_non_european_races,1911 Census - Volume II - Part VIII Non-European Races.pdf,2112.0 - Volume II - Part VIII Non-European Races,data\raw\abs_1911_census\1911 Census - Volume II - Part VIII Non-European Races.pdf,177,85,"Tasmania.—Females of Non-European Race enumerated at the Census of 3rd April, 1911, Classified according to Birthplace and Race",1010,113,114,2,113 | 114,114,115,86,113,115,Birthplaces,Tasmania,BIRTHPLACES.,0,same_page_as_next_table_start,True
1911_census_volume_ii_part_viii_non_european_races,1911 Census - Volume II - Part VIII Non-European Races.pdf,2112.0 - Volume II - Part VIII Non-European Races,data\raw\abs_1911_census\1911 Census - Volume II - Part VIII Non-European Races.pdf,177,86,"Northern Territory.—Males of Non-European Race enumerated at the Census of 3rd April, 1911, Classified according to Birthplace and Race",1010,113,114,2,113 | 114,114,115,87,115,115,Birthplaces,Northern Territory,BIRTHPLACES.,0,same_page_as_previous_table_start,True
1911_census_volume_ii_part_viii_non_european_races,1911 Census - Volume II - Part VIII Non-European Races.pdf,2112.0 - Volume II - Part VIII Non-European Races,data\raw\abs_1911_census\1911 Census - Volume II - Part VIII Non-European Races.pdf,177,87,"Northern Territory.—Females of Non-European Race enumerated at the Census of 3rd April, 1911, Classified according to Birthplace and Race",1012,115,116,2,115 | 116,116,117,88,115,117,Birthplaces,Northern Territory,BIRTHPLACES.,0,same_page_as_next_table_start,True
1911_census_volume_ii_part_viii_non_european_races,1911 Census - Volume II - Part VIII Non-European Races.pdf,2112.0 - Volume II - Part VIII Non-European Races,data\raw\abs_1911_census\1911 Census - Volume II - Part VIII Non-European Races.pdf,177,88,"Federal Capital Territory.—Males and Females of Non-European Race enumerated at the Census of 3rd April, 1911, Classified according to Birthplace and Race",1012,115,116,2,115 | 116,116,117,89,117,117,Birthplaces,Federal Capital Territory,BIRTHPLACES.,0,same_page_as_previous_table_start,True
1911_census_volume_ii_part_viii_non_european_races,1911 Census - Volume II - Part VIII Non-European Races.pdf,2112.0 - Volume II - Part VIII Non-European Races,data\raw\abs_1911_census\1911 Census - Volume II - Part VIII Non-European Races.pdf,177,112,"Males of Non-European Race enumerated in the Metropolitan Areas of the several States of the Commonwealth at the Census of 3rd April, 1911",1072,175,175,1,175,176,176,113,175,176,Metropolitan Areas,Metropolitan Areas of the several States of the Commonwealth,OCCUPATIONS.,0,same_page_as_next_table_start,True
1911_census_volume_ii_part_viii_non_european_races,1911 Census - Volume II - Part VIII Non-European Races.pdf,2112.0 - Volume II - Part VIII Non-European Races,data\raw\abs_1911_census\1911 Census - Volume II - Part VIII Non-European Races.pdf,177,113,"Females of Non-European Race enumerated in the Metropolitan Areas of the several States of the Commonwealth at the Census of 3rd April, 1911",1072,175,175,1,175,176,176,114,176,176,Metropolitan Areas,Metropolitan Areas of the several States of the Commonwealth,OCCUPATIONS.,0,same_page_as_previous_table_start,True
1911_census_volume_iii_part_ix_conjugal_condition,1911 Census - Volume III - Part IX Conjugal Condition.pdf,2112.0 - Volume III - Part IX Conjugal Condition,data\raw\abs_1911_census\1911 Census - Volume III - Part IX Conjugal Condition.pdf,28,1,"Persons enumerated in each State and Territory of the Commonwealth of Australia, at the Census of 3rd April, 1911, classified according to Conjugal Condition and Sex",1077,2,2,1,2,3,3,2,2,3,Conjugal Condition,Commonwealth of Australia,Part IX Conjugal Condition,0,same_page_as_next_table_start,True
1911_census_volume_iii_part_ix_conjugal_condition,1911 Census - Volume III - Part IX Conjugal Condition.pdf,2112.0 - Volume III - Part IX Conjugal Condition,data\raw\abs_1911_census\1911 Census - Volume III - Part IX Conjugal Condition.pdf,28,2,"Persons enumerated in the Commonwealth of Australia, at the Censuses of 1881, 1891, 1901, and 1911, classified according to Conjugal Condition and Sex",1077,2,2,1,2,3,3,3,3,3,Conjugal Condition,Commonwealth of Australia,Part IX Conjugal Condition,0,same_page_as_previous_table_start,True
1911_census_volume_iii_part_ix_conjugal_condition,1911 Census - Volume III - Part IX Conjugal Condition.pdf,2112.0 - Volume III - Part IX Conjugal Condition,data\raw\abs_1911_census\1911 Census - Volume III - Part IX Conjugal Condition.pdf,28,13,"Western Australia.—Persons enumerated in each Statistical District, at the Census of 3rd April, 1911, classified according to Conjugal Condition and Sex",1094,19,19,1,19,20,20,14,19,20,Conjugal Condition,Western Australia,Part IX Conjugal Condition,0,same_page_as_next_table_start,True
1911_census_volume_iii_part_ix_conjugal_condition,1911 Census - Volume III - Part IX Conjugal Condition.pdf,2112.0 - Volume III - Part IX Conjugal Condition,data\raw\abs_1911_census\1911 Census - Volume III - Part IX Conjugal Condition.pdf,28,14,"Tasmania.—Persons enumerated in each Municipality at the Census of 3rd April, 1911, classified according to Conjugal Condition and Sex",1094,19,19,1,19,20,20,15,20,20,Conjugal Condition,Tasmania,Part IX Conjugal Condition,0,same_page_as_previous_table_start,True
1911_census_volume_iii_part_ix_conjugal_condition,1911 Census - Volume III - Part IX Conjugal Condition.pdf,2112.0 - Volume III - Part IX Conjugal Condition,data\raw\abs_1911_census\1911 Census - Volume III - Part IX Conjugal Condition.pdf,28,15,"Northern Territory.—-Persons enumerated in each County, at the Census of 3rd April, 1911, classified according to Conjugal Condition and Sex",1095,20,20,1,20,21,21,16,20,21,Conjugal Condition,Northern Territory,Part IX Conjugal Condition,0,same_page_as_next_table_start,True
1911_census_volume_iii_part_ix_conjugal_condition,1911 Census - Volume III - Part IX Conjugal Condition.pdf,2112.0 - Volume III - Part IX Conjugal Condition,data\raw\abs_1911_census\1911 Census - Volume III - Part IX Conjugal Condition.pdf,28,16,"Federal Capital Territory.—-Persons enumerated in each Division at the Census of 3rd April, 1911, classified according to Conjugal Condition and Sex",1095,20,20,1,20,21,21,17,21,21,Conjugal Condition,Federal Capital Territory,Part IX Conjugal Condition,0,same_page_as_previous_table_start,True
1911_census_volume_iii_part_x_families,1911 Census - Volume III - Part X Families.pdf,2112.0 - Volume III - Part X Families,data\raw\abs_1911_census\1911 Census - Volume III - Part X Families.pdf,104,1,"Relative Ages of Husbands and Wives in the Commonwealth of Australia, at the Census of 3rd April, 1911",1106,3,4,2,3 | 4,4,5,2,3,5,Relative Ages of Husbands and Wives,Commonwealth of Australia,Part X Families,0,same_page_as_next_table_start,True
1911_census_volume_iii_part_x_families,1911 Census - Volume III - Part X Families.pdf,2112.0 - Volume III - Part X Families,data\raw\abs_1911_census\1911 Census - Volume III - Part X Families.pdf,104,2,"Relative Religions of Husbands and Wives in the Commonwealth of Australia, at the Census of 3rd April, 1911",1106,3,4,2,3 | 4,4,5,3,5,5,Relative Religions of Husbands and Wives,Commonwealth of Australia,Part X Families,0,same_page_as_previous_table_start,True
1911_census_volume_iii_part_x_families,1911 Census - Volume III - Part X Families.pdf,2112.0 - Volume III - Part X Families,data\raw\abs_1911_census\1911 Census - Volume III - Part X Families.pdf,104,7,"Ages and Issue of Husbands in the Commonwealth of Australia, at the Census of 3rd April, 1911",1136,33,34,2,33 | 34,34,35,8,33,35,Ages and Issue of Husbands,Commonwealth of Australia,Part X Families,0,same_page_as_next_table_start,True
1911_census_volume_iii_part_x_families,1911 Census - Volume III - Part X Families.pdf,2112.0 - Volume III - Part X Families,data\raw\abs_1911_census\1911 Census - Volume III - Part X Families.pdf,104,8,"Ages and Issue of Wives in the Commonwealth of Australia, at the Census of 3rd April, 1911",1136,33,34,2,33 | 34,34,35,9,35,35,Ages and Issue of Wives,Commonwealth of Australia,Part X Families,0,same_page_as_previous_table_start,True
1911_census_volume_iii_part_x_families,1911 Census - Volume III - Part X Families.pdf,2112.0 - Volume III - Part X Families,data\raw\abs_1911_census\1911 Census - Volume III - Part X Families.pdf,104,9,"Religions and Issue of Wives in the Commonwealth of Australia, at the Census of 3rd April, 1911",1138,35,36,2,35 | 36,36,37,10,35,37,Religions and Issue of Wives,Commonwealth of Australia,Part X Families,0,same_page_as_next_table_start,True
1911_census_volume_iii_part_x_families,1911 Census - Volume III - Part X Families.pdf,2112.0 - Volume III - Part X Families,data\raw\abs_1911_census\1911 Census - Volume III - Part X Families.pdf,104,10,"Birthplaces and Issue of Wives in the Commonwealth of Australia, at the Census of 3rd April, 1911",1138,35,36,2,35 | 36,36,37,11,37,37,Birthplaces and Issue of Wives,Commonwealth of Australia,Part X Families,0,same_page_as_previous_table_start,True
1911_census_volume_iii_part_x_families,1911 Census - Volume III - Part X Families.pdf,2112.0 - Volume III - Part X Families,data\raw\abs_1911_census\1911 Census - Volume III - Part X Families.pdf,104,18,"Average Issue of Wives in the Commonwealth of Australia, at the Census of 3rd April, 1911, classified according to Duration of Marriage and Age",1184,81,84,4,81 | 82 | 83 | 84,82,85,19,81,85,Average Issue of Wives,Commonwealth of Australia,Part X Families,0,same_page_as_next_table_start,True
1911_census_volume_iii_part_x_families,1911 Census - Volume III - Part X Families.pdf,2112.0 - Volume III - Part X Families,data\raw\abs_1911_census\1911 Census - Volume III - Part X Families.pdf,104,19,"Average Issue of Wives in the States and Territories of the Commonwealth of Australia, at the Census of 3rd April, 1911, classified according to Duration of Marriage and Age",1184,81,84,4,81 | 82 | 83 | 84,82,85,20,85,85,Average Issue of Wives,States and Territories of Australia,Part X Families,8,same_page_as_previous_table_start,True
1911_census_volume_iii_part_xii_occupations,1911 Census - Volume III - Part XII Occupations.pdf,2112.0 - Volume III - Part XII Occupations,data\raw\abs_1911_census\1911 Census - Volume III - Part XII Occupations.pdf,570,74,"Grades of Occupation in Counties within the State of Victoria, at the Census of 3rd April, 1911",1819,540,540,1,540,541,541,75,540,541,Occupations,Victoria,Part XII,0,same_page_as_next_table_start,True
1911_census_volume_iii_part_xii_occupations,1911 Census - Volume III - Part XII Occupations.pdf,2112.0 - Volume III - Part XII Occupations,data\raw\abs_1911_census\1911 Census - Volume III - Part XII Occupations.pdf,570,75,"Grades of Occupation in Census Districts within the State of Queensland, at the Census of 3rd April, 1911",1819,540,540,1,540,541,541,76,541,541,Occupations,Queensland,Part XII,0,same_page_as_previous_table_start,True
1911_census_volume_iii_part_xii_occupations,1911 Census - Volume III - Part XII Occupations.pdf,2112.0 - Volume III - Part XII Occupations,data\raw\abs_1911_census\1911 Census - Volume III - Part XII Occupations.pdf,570,79,"Grades of Occupation in Counties within the Northern Territory, at the Census of 3rd April, 1911",1823,544,544,1,544,545,545,80,544,545,Occupations,Northern Territory,Part XII,0,same_page_as_next_table_start,True
1911_census_volume_iii_part_xii_occupations,1911 Census - Volume III - Part XII Occupations.pdf,2112.0 - Volume III - Part XII Occupations,data\raw\abs_1911_census\1911 Census - Volume III - Part XII Occupations.pdf,570,80,"Grades of Occupation within the Federal Capital Territory, at the Census of 3rd April, 1911",1823,544,544,1,544,545,545,81,545,545,Occupations,Federal Capital Territory,Part XII,0,same_page_as_previous_table_start,True
1911_census_volume_iii_part_xii_occupations,1911 Census - Volume III - Part XII Occupations.pdf,2112.0 - Volume III - Part XII Occupations,data\raw\abs_1911_census\1911 Census - Volume III - Part XII Occupations.pdf,570,89,"Unemployed Males in the Commonwealth of Australia, at the Census of 3rd April, 1911, classified according to Period of Unemployment and Age",1844,565,566,2,565 | 566,566,567,90,565,567,Unemployment,Australia,Part XII,0,same_page_as_next_table_start,True
1911_census_volume_iii_part_xii_occupations,1911 Census - Volume III - Part XII Occupations.pdf,2112.0 - Volume III - Part XII Occupations,data\raw\abs_1911_census\1911 Census - Volume III - Part XII Occupations.pdf,570,90,"Unemployed Males in the States and Territories of the Commonwealth of Australia, at the Census of 3rd April, 1911, classified according to Period of Unemployment and Age",1844,565,566,2,565 | 566,566,567,91,567,567,Unemployment,Australia,Part XII,8,same_page_as_previous_table_start,True
1911_census_volume_iii_part_xiii_dwellings,1911 Census - Volume III - Part XIII Dwellings.pdf,2112.0 - Volume III - Part XIII Dwellings,data\raw\abs_1911_census\1911 Census - Volume III - Part XIII Dwellings.pdf,200,1,"Dwellings Occupied, Unoccupied and Being Built in the several States and Territories of the Commonwealth of Australia, at the Census of 3rd April, 1911",1853,4,4,1,4,5,5,2,4,5,"Dwellings Occupied, Unoccupied and Being Built",Commonwealth of Australia,Part XIII Dwellings,0,same_page_as_next_table_start,True
1911_census_volume_iii_part_xiii_dwellings,1911 Census - Volume III - Part XIII Dwellings.pdf,2112.0 - Volume III - Part XIII Dwellings,data\raw\abs_1911_census\1911 Census - Volume III - Part XIII Dwellings.pdf,200,2,"Metropolitan and Extra-Metropolitan Area, Population, Density, etc., in the several States and Territories of the Commonwealth of Australia, at the Census of 3rd April, 1911",1853,4,4,1,4,5,5,3,5,5,"Metropolitan and Extra-Metropolitan Area, Population, Density, etc.",Commonwealth of Australia,Part XIII Dwellings,0,same_page_as_previous_table_start,True
1911_census_volume_iii_part_xiii_dwellings,1911 Census - Volume III - Part XIII Dwellings.pdf,2112.0 - Volume III - Part XIII Dwellings,data\raw\abs_1911_census\1911 Census - Volume III - Part XIII Dwellings.pdf,200,3,"Occupied Dwellings in the several States and Territories of the Commonwealth of Australia, at the Census of 3rd April, 1911, classified according to Nature of Dwelling",1854,5,6,2,5 | 6,6,7,4,5,7,Occupied Dwellings classified according to Nature of Dwelling,Commonwealth of Australia,Part XIII Dwellings,0,same_page_as_next_table_start,True
1911_census_volume_iii_part_xiii_dwellings,1911 Census - Volume III - Part XIII Dwellings.pdf,2112.0 - Volume III - Part XIII Dwellings,data\raw\abs_1911_census\1911 Census - Volume III - Part XIII Dwellings.pdf,200,4,"Occupied Dwellings in the several States and Territories of the Commonwealth of Australia, at the Census of 3rd April, 1911, classified according to Number of Rooms",1854,5,6,2,5 | 6,6,7,5,7,7,Occupied Dwellings classified according to Number of Rooms,Commonwealth of Australia,Part XIII Dwellings,0,same_page_as_previous_table_start,True
1911_census_volume_iii_part_xiii_dwellings,1911 Census - Volume III - Part XIII Dwellings.pdf,2112.0 - Volume III - Part XIII Dwellings,data\raw\abs_1911_census\1911 Census - Volume III - Part XIII Dwellings.pdf,200,10,"Occupied Dwellings in the Commonwealth of Australia, at the Census of 3rd April, 1911, classified according to Nature of Dwelling and Number of Rooms",1864,15,20,6,15 | 16 | 17 | 18 | 19 | 20,16,21,11,15,21,Occupied Dwellings classified according to Nature of Dwelling and Number of Rooms,Commonwealth of Australia,Part XIII Dwellings,0,same_page_as_next_table_start,True
1911_census_volume_iii_part_xiii_dwellings,1911 Census - Volume III - Part XIII Dwellings.pdf,2112.0 - Volume III - Part XIII Dwellings,data\raw\abs_1911_census\1911 Census - Volume III - Part XIII Dwellings.pdf,200,11,"Occupied Dwellings in the several States and Territories of the Commonwealth of Australia, at the Census of 3rd April, 1911, classified according to Nature of Dwelling and Number of Rooms",1864,15,20,6,15 | 16 | 17 | 18 | 19 | 20,16,21,12,21,21,Occupied Dwellings classified according to Nature of Dwelling and Number of Rooms,Commonwealth of Australia,Part XIII Dwellings,8,same_page_as_previous_table_start,True
1911_census_volume_iii_part_xiii_dwellings,1911 Census - Volume III - Part XIII Dwellings.pdf,2112.0 - Volume III - Part XIII Dwellings,data\raw\abs_1911_census\1911 Census - Volume III - Part XIII Dwellings.pdf,200,18,"Occupied Dwellings in the State of Tasmania, at the Census of 3rd April, 1911, classified according to Materials of which outer walls were built and Number of Rooms",1882,33,34,2,33 | 34,34,35,19,33,35,Occupied Dwellings classified according to Materials of outer walls and Number of Rooms,Tasmania,Part XIII Dwellings,0,same_page_as_next_table_start,True
1911_census_volume_iii_part_xiii_dwellings,1911 Census - Volume III - Part XIII Dwellings.pdf,2112.0 - Volume III - Part XIII Dwellings,data\raw\abs_1911_census\1911 Census - Volume III - Part XIII Dwellings.pdf,200,19,"Occupied Dwellings in the Northern Territory, at the Census of 3rd April, 1911, classified according to Materials of which outer walls were built and Number of Rooms",1882,33,34,2,33 | 34,34,35,20,35,35,Occupied Dwellings classified according to Materials of outer walls and Number of Rooms,Northern Territory,Part XIII Dwellings,0,same_page_as_previous_table_start,True
1911_census_volume_iii_part_xiii_dwellings,1911 Census - Volume III - Part XIII Dwellings.pdf,2112.0 - Volume III - Part XIII Dwellings,data\raw\abs_1911_census\1911 Census - Volume III - Part XIII Dwellings.pdf,200,27,"Occupied Dwellings in the State of Tasmania, at the Census of 3rd April, 1911, classified according to Materials of which outer walls were built and Number of Inmates",1898,49,50,2,49 | 50,50,51,28,49,51,Occupied Dwellings classified according to Materials of outer walls and Number of Inmates,Tasmania,Part XIII Dwellings,0,same_page_as_next_table_start,True
1911_census_volume_iii_part_xiii_dwellings,1911 Census - Volume III - Part XIII Dwellings.pdf,2112.0 - Volume III - Part XIII Dwellings,data\raw\abs_1911_census\1911 Census - Volume III - Part XIII Dwellings.pdf,200,28,"Occupied Dwellings in the Northern Territory, at the Census of 3rd April, 1911, classified according to Materials of which outer walls were built and Number of Inmates",1898,49,50,2,49 | 50,50,51,29,51,51,Occupied Dwellings classified according to Materials of outer walls and Number of Inmates,Northern Territory,Part XIII Dwellings,0,same_page_as_previous_table_start,True
1911_census_volume_iii_part_xiii_dwellings,1911 Census - Volume III - Part XIII Dwellings.pdf,2112.0 - Volume III - Part XIII Dwellings,data\raw\abs_1911_census\1911 Census - Volume III - Part XIII Dwellings.pdf,200,46,"Occupied Dwellings in the Northern Territory, at the Census of 3rd April, 1911, classified according to Weekly Rental Value and Number of Rooms",1948,99,100,2,99 | 100,100,101,47,99,101,Occupied Dwellings classified according to Weekly Rental Value and Number of Rooms,Northern Territory,Part XIII Dwellings,0,same_page_as_next_table_start,True
1911_census_volume_iii_part_xiii_dwellings,1911 Census - Volume III - Part XIII Dwellings.pdf,2112.0 - Volume III - Part XIII Dwellings,data\raw\abs_1911_census\1911 Census - Volume III - Part XIII Dwellings.pdf,200,47,"Occupied Dwellings in the Federal Territory, at the Census of 3rd April, 1911, classified according to Weekly Rental Value and Number of Rooms",1948,99,100,2,99 | 100,100,101,48,101,101,Occupied Dwellings classified according to Weekly Rental Value and Number of Rooms,Federal Territory,Part XIII Dwellings,0,same_page_as_previous_table_start,True
1911_census_volume_iii_part_xiii_dwellings,1911 Census - Volume III - Part XIII Dwellings.pdf,2112.0 - Volume III - Part XIII Dwellings,data\raw\abs_1911_census\1911 Census - Volume III - Part XIII Dwellings.pdf,200,50,"Dwellings, Occupied, Unoccupied and Being Built in the Metropolitan Areas of the several States of the Commonwealth of Australia, at the Census of 3rd April, 1911",1962,113,113,1,113,114,114,51,113,114,"Dwellings, Occupied, Unoccupied and Being Built in Metropolitan Areas",Metropolitan Areas of Australia,Part XIII Dwellings,0,same_page_as_next_table_start,True
1911_census_volume_iii_part_xiii_dwellings,1911 Census - Volume III - Part XIII Dwellings.pdf,2112.0 - Volume III - Part XIII Dwellings,data\raw\abs_1911_census\1911 Census - Volume III - Part XIII Dwellings.pdf,200,51,"Occupied Dwellings in the Metropolitan Areas of the several States of the Commonwealth of Australia, at the Census of 3rd April, 1911, classified according to Nature of Dwelling",1962,113,113,1,113,114,114,52,114,114,Occupied Dwellings in Metropolitan Areas classified according to Nature of Dwelling,Metropolitan Areas of Australia,Part XIII Dwellings,0,same_page_as_previous_table_start,True
1911_census_volume_iii_part_xiii_dwellings,1911 Census - Volume III - Part XIII Dwellings.pdf,2112.0 - Volume III - Part XIII Dwellings,data\raw\abs_1911_census\1911 Census - Volume III - Part XIII Dwellings.pdf,200,59,"Average Number of Inmates per Occupied Private Dwelling (classified according to Number of Rooms) in the several States and Territories of the Commonwealth of Australia, at the Census of 3rd April, 1911",1974,125,126,2,125 | 126,126,127,60,125,127,Average Number of Inmates per Occupied Private Dwelling,Commonwealth of Australia,Part XIII Dwellings,0,same_page_as_next_table_start,True
1911_census_volume_iii_part_xiii_dwellings,1911 Census - Volume III - Part XIII Dwellings.pdf,2112.0 - Volume III - Part XIII Dwellings,data\raw\abs_1911_census\1911 Census - Volume III - Part XIII Dwellings.pdf,200,60,"Average Number of Inmates per Room in Occupied Private Dwellings (classified according to Number of Rooms) in the several States and Territories of the Commonwealth of Australia, at the Census of 3rd April, 1911",1974,125,126,2,125 | 126,126,127,61,125,127,Average Number of Inmates per Room in Occupied Private Dwellings,Commonwealth of Australia,Part XIII Dwellings,0,same_page_as_next_table_start | same_page_as_previous_table_start,True
1911_census_volume_iii_part_xiii_dwellings,1911 Census - Volume III - Part XIII Dwellings.pdf,2112.0 - Volume III - Part XIII Dwellings,data\raw\abs_1911_census\1911 Census - Volume III - Part XIII Dwellings.pdf,200,61,"Average Weekly Rental Value of Occupied Private Dwellings (classified according to Number of Rooms) in the several States and Territories of the Commonwealth of Australia, at the Census of 3rd April, 1911",1974,125,126,2,125 | 126,126,127,62,127,127,Average Weekly Rental Value of Occupied Private Dwellings,Commonwealth of Australia,Part XIII Dwellings,0,same_page_as_previous_table_start,True
1911_census_volume_iii_part_xiii_dwellings,1911 Census - Volume III - Part XIII Dwellings.pdf,2112.0 - Volume III - Part XIII Dwellings,data\raw\abs_1911_census\1911 Census - Volume III - Part XIII Dwellings.pdf,200,62,"Average Weekly Rental Value per Room in Occupied Private Dwellings (classified according to Number of Rooms) in the several States and Territories of the Commonwealth of Australia, at the Census of 3rd April, 1911",1976,127,128,2,127 | 128,128,129,63,127,129,Average Weekly Rental Value per Room in Occupied Private Dwellings,Commonwealth of Australia,Part XIII Dwellings,0,same_page_as_next_table_start,True
1911_census_volume_iii_part_xiii_dwellings,1911 Census - Volume III - Part XIII Dwellings.pdf,2112.0 - Volume III - Part XIII Dwellings,data\raw\abs_1911_census\1911 Census - Volume III - Part XIII Dwellings.pdf,200,63,"Average Weekly Rental Value per Inmate in Occupied Private Dwellings (classified according to Number of Rooms) in the several States and Territories of the Commonwealth of Australia, at the Census of 3rd April, 1911",1976,127,128,2,127 | 128,128,129,64,129,129,Average Weekly Rental Value per Inmate in Occupied Private Dwellings,Commonwealth of Australia,Part XIII Dwellings,0,same_page_as_previous_table_start,True
1911_census_volume_iii_part_xiv_summary,1911 Census - Volume III - Part XIV Summary.pdf,2112.0 - Volume III - Part XIV Summary,data\raw\abs_1911_census\1911 Census - Volume III - Part XIV Summary.pdf,244,1,Population of States and Territories,2054,5,5,1,5,6,6,2,5,6,Population,States and Territories,Introductory Section.-POPULATION,0,same_page_as_next_table_start,True
1911_census_volume_iii_part_xiv_summary,1911 Census - Volume III - Part XIV Summary.pdf,2112.0 - Volume III - Part XIV Summary,data\raw\abs_1911_census\1911 Census - Volume III - Part XIV Summary.pdf,244,2,Full-blooded Aboriginals enumerated in States and Territories,2054,5,5,1,5,6,6,3,5,6,Population,States and Territories,Introductory Section.-POPULATION,0,same_page_as_next_table_start | same_page_as_previous_table_start,True
1911_census_volume_iii_part_xiv_summary,1911 Census - Volume III - Part XIV Summary.pdf,2112.0 - Volume III - Part XIV Summary,data\raw\abs_1911_census\1911 Census - Volume III - Part XIV Summary.pdf,244,3,"Comparison of Population, 1881, 1891, 1901 and 1911",2054,5,5,1,5,6,6,4,6,6,Population,Australia,Introductory Section.-POPULATION,0,same_page_as_previous_table_start,True
1911_census_volume_iii_part_xiv_summary,1911 Census - Volume III - Part XIV Summary.pdf,2112.0 - Volume III - Part XIV Summary,data\raw\abs_1911_census\1911 Census - Volume III - Part XIV Summary.pdf,244,34,Metropolitan and Extra-Metropolitan Population of Queensland,2090,41,41,1,41,42,42,35,41,42,Length of Residence,Queensland,Section 3.-LENGTH OF RESIDENCE,0,same_page_as_next_table_start,True
1911_census_volume_iii_part_xiv_summary,1911 Census - Volume III - Part XIV Summary.pdf,2112.0 - Volume III - Part XIV Summary,data\raw\abs_1911_census\1911 Census - Volume III - Part XIV Summary.pdf,244,35,Metropolitan and Extra-Metropolitan Population of South Australia,2090,41,41,1,41,42,42,36,42,42,Length of Residence,South Australia,Section 3.-LENGTH OF RESIDENCE,0,same_page_as_previous_table_start,True
1911_census_volume_iii_part_xiv_summary,1911 Census - Volume III - Part XIV Summary.pdf,2112.0 - Volume III - Part XIV Summary,data\raw\abs_1911_census\1911 Census - Volume III - Part XIV Summary.pdf,244,36,Metropolitan and Extra-Metropolitan Population of Western Australia,2091,42,42,1,42,43,43,37,42,43,Length of Residence,Western Australia,Section 3.-LENGTH OF RESIDENCE,0,same_page_as_next_table_start,True
1911_census_volume_iii_part_xiv_summary,1911 Census - Volume III - Part XIV Summary.pdf,2112.0 - Volume III - Part XIV Summary,data\raw\abs_1911_census\1911 Census - Volume III - Part XIV Summary.pdf,244,37,Metropolitan and Extra-Metropolitan Population of Tasmania,2091,42,42,1,42,43,43,38,43,43,Length of Residence,Tasmania,Section 3.-LENGTH OF RESIDENCE,0,same_page_as_previous_table_start,True
1911_census_volume_iii_part_xiv_summary,1911 Census - Volume III - Part XIV Summary.pdf,2112.0 - Volume III - Part XIV Summary,data\raw\abs_1911_census\1911 Census - Volume III - Part XIV Summary.pdf,244,39,"Population of the Commonwealth, in Age Groups",2093,44,44,1,44,45,45,40,44,45,Education,Commonwealth,Section 4.-EDUCATION,0,same_page_as_next_table_start,True
1911_census_volume_iii_part_xiv_summary,1911 Census - Volume III - Part XIV Summary.pdf,2112.0 - Volume III - Part XIV Summary,data\raw\abs_1911_census\1911 Census - Volume III - Part XIV Summary.pdf,244,40,"Population of the State of New South Wales, in Age Groups",2093,44,44,1,44,45,45,41,45,45,Education,New South Wales,Section 4.-EDUCATION,0,same_page_as_previous_table_start,True
1911_census_volume_iii_part_xiv_summary,1911 Census - Volume III - Part XIV Summary.pdf,2112.0 - Volume III - Part XIV Summary,data\raw\abs_1911_census\1911 Census - Volume III - Part XIV Summary.pdf,244,41,"Population of the State of Victoria, in Age Groups",2094,45,45,1,45,46,46,42,45,46,Education,Victoria,Section 4.-EDUCATION,0,same_page_as_next_table_start,True
1911_census_volume_iii_part_xiv_summary,1911 Census - Volume III - Part XIV Summary.pdf,2112.0 - Volume III - Part XIV Summary,data\raw\abs_1911_census\1911 Census - Volume III - Part XIV Summary.pdf,244,42,"Population of the State of Queensland, in Age Groups",2094,45,45,1,45,46,46,43,46,46,Education,Queensland,Section 4.-EDUCATION,0,same_page_as_previous_table_start,True
1911_census_volume_iii_part_xiv_summary,1911 Census - Volume III - Part XIV Summary.pdf,2112.0 - Volume III - Part XIV Summary,data\raw\abs_1911_census\1911 Census - Volume III - Part XIV Summary.pdf,244,43,"Population of the State of South Australia, in Age Groups",2095,46,46,1,46,47,47,44,46,47,Education,South Australia,Section 4.-EDUCATION,0,same_page_as_next_table_start,True
1911_census_volume_iii_part_xiv_summary,1911 Census - Volume III - Part XIV Summary.pdf,2112.0 - Volume III - Part XIV Summary,data\raw\abs_1911_census\1911 Census - Volume III - Part XIV Summary.pdf,244,44,"Population of the State of Western Australia, in Age Groups",2095,46,46,1,46,47,47,45,47,47,Education,Western Australia,Section 4.-EDUCATION,0,same_page_as_previous_table_start,True
1911_census_volume_iii_part_xiv_summary,1911 Census - Volume III - Part XIV Summary.pdf,2112.0 - Volume III - Part XIV Summary,data\raw\abs_1911_census\1911 Census - Volume III - Part XIV Summary.pdf,244,45,"Population of the State of Tasmania, in Age Groups",2096,47,47,1,47,48,48,46,47,48,Education,Tasmania,Section 4.-EDUCATION,0,same_page_as_next_table_start,True
1911_census_volume_iii_part_xiv_summary,1911 Census - Volume III - Part XIV Summary.pdf,2112.0 - Volume III - Part XIV Summary,data\raw\abs_1911_census\1911 Census - Volume III - Part XIV Summary.pdf,244,46,"Population of the Northern Territory, in Age Groups",2096,47,47,1,47,48,48,47,48,48,Education,Northern Territory,Section 4.-EDUCATION,0,same_page_as_previous_table_start,True
1911_census_volume_iii_part_xiv_summary,1911 Census - Volume III - Part XIV Summary.pdf,2112.0 - Volume III - Part XIV Summary,data\raw\abs_1911_census\1911 Census - Volume III - Part XIV Summary.pdf,244,62,Comparative Statement of Population at the Censuses of 1901 and 1911,2113,64,68,5,64 | 65 | 66 | 67 | 68,65,69,63,64,69,Religion,Australia,Section 6.-RELIGION,0,same_page_as_next_table_start,True
1911_census_volume_iii_part_xiv_summary,1911 Census - Volume III - Part XIV Summary.pdf,2112.0 - Volume III - Part XIV Summary,data\raw\abs_1911_census\1911 Census - Volume III - Part XIV Summary.pdf,244,63,Metropolitan and Extra-Metropolitan Population in States of-,2113,64,68,5,64 | 65 | 66 | 67 | 68,65,69,64,69,69,Religion,States,Section 6.-RELIGION,6,same_page_as_previous_table_start,True
1911_census_volume_iii_part_xiv_summary,1911 Census - Volume III - Part XIV Summary.pdf,2112.0 - Volume III - Part XIV Summary,data\raw\abs_1911_census\1911 Census - Volume III - Part XIV Summary.pdf,244,71,Summary by States and Territories,2126,77,77,1,77,78,78,72,77,78,Persons of Non-European Race,States and Territories,Section 8.-PERSONS OF NON-EUROPEAN RACE,0,same_page_as_next_table_start,True
1911_census_volume_iii_part_xiv_summary,1911 Census - Volume III - Part XIV Summary.pdf,2112.0 - Volume III - Part XIV Summary,data\raw\abs_1911_census\1911 Census - Volume III - Part XIV Summary.pdf,244,72,Summary by Races,2126,77,77,1,77,78,78,73,78,78,Persons of Non-European Race,Australia,Section 8.-PERSONS OF NON-EUROPEAN RACE,0,same_page_as_previous_table_start,True
1911_census_volume_iii_part_xiv_summary,1911 Census - Volume III - Part XIV Summary.pdf,2112.0 - Volume III - Part XIV Summary,data\raw\abs_1911_census\1911 Census - Volume III - Part XIV Summary.pdf,244,74,"Chinese in Australia, Censuses 1891, 1901 and 1911",2128,79,79,1,79,80,80,75,79,80,Persons of Non-European Race,Australia,Section 8.-PERSONS OF NON-EUROPEAN RACE,0,same_page_as_next_table_start,True
1911_census_volume_iii_part_xiv_summary,1911 Census - Volume III - Part XIV Summary.pdf,2112.0 - Volume III - Part XIV Summary,data\raw\abs_1911_census\1911 Census - Volume III - Part XIV Summary.pdf,244,75,"Japanese, Hindus and Cingalese, and Polynesians in Australia, Censuses 1901 and 1911",2128,79,79,1,79,80,80,76,80,80,Persons of Non-European Race,Australia,Section 8.-PERSONS OF NON-EUROPEAN RACE,0,same_page_as_previous_table_start,True
1911_census_volume_iii_part_xiv_summary,1911 Census - Volume III - Part XIV Summary.pdf,2112.0 - Volume III - Part XIV Summary,data\raw\abs_1911_census\1911 Census - Volume III - Part XIV Summary.pdf,244,76,Population of States and Territories,2129,80,80,1,80,81,81,77,80,81,Conjugal Condition,States and Territories,Section 9.-CONJUGAL CONDITION,0,same_page_as_next_table_start,True
1911_census_volume_iii_part_xiv_summary,1911 Census - Volume III - Part XIV Summary.pdf,2112.0 - Volume III - Part XIV Summary,data\raw\abs_1911_census\1911 Census - Volume III - Part XIV Summary.pdf,244,77,Comparative Statement of Population at the Censuses of 1901 and 1911,2129,80,80,1,80,81,81,78,81,81,Conjugal Condition,Australia,Section 9.-CONJUGAL CONDITION,0,same_page_as_previous_table_start,True
1911_census_volume_iii_part_xiv_summary,1911 Census - Volume III - Part XIV Summary.pdf,2112.0 - Volume III - Part XIV Summary,data\raw\abs_1911_census\1911 Census - Volume III - Part XIV Summary.pdf,244,78,"Population of the Commonwealth, in Age Groups",2130,81,84,4,81 | 82 | 83 | 84,82,85,79,81,85,Conjugal Condition,Commonwealth,Section 9.-CONJUGAL CONDITION,0,same_page_as_next_table_start,True
1911_census_volume_iii_part_xiv_summary,1911 Census - Volume III - Part XIV Summary.pdf,2112.0 - Volume III - Part XIV Summary,data\raw\abs_1911_census\1911 Census - Volume III - Part XIV Summary.pdf,244,79,"Population of States and Territories, in Age Groups-",2130,81,84,4,81 | 82 | 83 | 84,82,85,80,85,85,Conjugal Condition,States and Territories,Section 9.-CONJUGAL CONDITION,8,same_page_as_previous_table_start,True
1911_census_volume_iii_part_xiv_summary,1911 Census - Volume III - Part XIV Summary.pdf,2112.0 - Volume III - Part XIV Summary,data\raw\abs_1911_census\1911 Census - Volume III - Part XIV Summary.pdf,244,81,Relative Ages of Husbands and Wives,2138,89,90,2,89 | 90,90,91,82,89,91,Families,Australia,Section 10.-FAMILIES,0,same_page_as_next_table_start,True
1911_census_volume_iii_part_xiv_summary,1911 Census - Volume III - Part XIV Summary.pdf,2112.0 - Volume III - Part XIV Summary,data\raw\abs_1911_census\1911 Census - Volume III - Part XIV Summary.pdf,244,82,Relative Religions of Husbands and Wives,2138,89,90,2,89 | 90,90,91,83,91,91,Families,Australia,Section 10.-FAMILIES,0,same_page_as_previous_table_start,True
1911_census_volume_iii_part_xiv_summary,1911 Census - Volume III - Part XIV Summary.pdf,2112.0 - Volume III - Part XIV Summary,data\raw\abs_1911_census\1911 Census - Volume III - Part XIV Summary.pdf,244,84,Ages and Issue of Husbands,2144,95,96,2,95 | 96,96,97,85,95,97,Families,Australia,Section 10.-FAMILIES,0,same_page_as_next_table_start,True
1911_census_volume_iii_part_xiv_summary,1911 Census - Volume III - Part XIV Summary.pdf,2112.0 - Volume III - Part XIV Summary,data\raw\abs_1911_census\1911 Census - Volume III - Part XIV Summary.pdf,244,85,Ages and Issue of Wives,2144,95,96,2,95 | 96,96,97,86,97,97,Families,Australia,Section 10.-FAMILIES,0,same_page_as_previous_table_start,True
1911_census_volume_iii_part_xiv_summary,1911 Census - Volume III - Part XIV Summary.pdf,2112.0 - Volume III - Part XIV Summary,data\raw\abs_1911_census\1911 Census - Volume III - Part XIV Summary.pdf,244,142,Nature of Dwellings and Number of Rooms,2220,171,172,2,171 | 172,172,173,143,171,173,Occupied Dwellings,Australia,Section 13.-OCCUPIED DWELLINGS,0,same_page_as_next_table_start,True
1911_census_volume_iii_part_xiv_summary,1911 Census - Volume III - Part XIV Summary.pdf,2112.0 - Volume III - Part XIV Summary,data\raw\abs_1911_census\1911 Census - Volume III - Part XIV Summary.pdf,244,143,*Materials and Number of Rooms-Private Dwellings,2220,171,172,2,171 | 172,172,173,144,173,173,Occupied Dwellings,Australia,Section 13.-OCCUPIED DWELLINGS,0,same_page_as_previous_table_start,True
1911_census_volume_iii_part_xiv_summary,1911 Census - Volume III - Part XIV Summary.pdf,2112.0 - Volume III - Part XIV Summary,data\raw\abs_1911_census\1911 Census - Volume III - Part XIV Summary.pdf,244,144,Materials and Number of Rooms-Dwellings other than Private,2222,173,174,2,173 | 174,174,175,145,173,175,Occupied Dwellings,Australia,Section 13.-OCCUPIED DWELLINGS,0,same_page_as_next_table_start,True
1911_census_volume_iii_part_xiv_summary,1911 Census - Volume III - Part XIV Summary.pdf,2112.0 - Volume III - Part XIV Summary,data\raw\abs_1911_census\1911 Census - Volume III - Part XIV Summary.pdf,244,145,Materials and Number of Rooms-All Dwellings,2222,173,174,2,173 | 174,174,175,146,175,175,Occupied Dwellings,Australia,Section 13.-OCCUPIED DWELLINGS,0,same_page_as_previous_table_start,True
1911_census_volume_iii_part_xiv_summary,1911 Census - Volume III - Part XIV Summary.pdf,2112.0 - Volume III - Part XIV Summary,data\raw\abs_1911_census\1911 Census - Volume III - Part XIV Summary.pdf,244,146,Nature of Dwelling-States and Territories,2224,175,175,1,175,176,176,147,175,176,Occupied Dwellings,States and Territories,Section 13.-OCCUPIED DWELLINGS,0,same_page_as_next_table_start,True
1911_census_volume_iii_part_xiv_summary,1911 Census - Volume III - Part XIV Summary.pdf,2112.0 - Volume III - Part XIV Summary,data\raw\abs_1911_census\1911 Census - Volume III - Part XIV Summary.pdf,244,147,"Materials, States and Territories-Private Dwellings",2224,175,175,1,175,176,176,148,176,176,Occupied Dwellings,States and Territories,Section 13.-OCCUPIED DWELLINGS,0,same_page_as_previous_table_start,True
1911_census_volume_iii_part_xiv_summary,1911 Census - Volume III - Part XIV Summary.pdf,2112.0 - Volume III - Part XIV Summary,data\raw\abs_1911_census\1911 Census - Volume III - Part XIV Summary.pdf,244,148,"Materials, States and Territories-Dwellings other than Private",2225,176,176,1,176,177,177,149,176,177,Occupied Dwellings,States and Territories,Section 13.-OCCUPIED DWELLINGS,0,same_page_as_next_table_start,True
1911_census_volume_iii_part_xiv_summary,1911 Census - Volume III - Part XIV Summary.pdf,2112.0 - Volume III - Part XIV Summary,data\raw\abs_1911_census\1911 Census - Volume III - Part XIV Summary.pdf,244,149,"Materials, States and Territories-All Dwellings",2225,176,176,1,176,177,177,150,177,177,Occupied Dwellings,States and Territories,Section 13.-OCCUPIED DWELLINGS,0,same_page_as_previous_table_start,True
1911_census_volume_iii_part_xiv_summary,1911 Census - Volume III - Part XIV Summary.pdf,2112.0 - Volume III - Part XIV Summary,data\raw\abs_1911_census\1911 Census - Volume III - Part XIV Summary.pdf,244,151,"Materials, and Number of Inmates-Private Dwellings",2228,179,180,2,179 | 180,180,181,152,179,181,Occupied Dwellings,Australia,Section 13.-OCCUPIED DWELLINGS,0,same_page_as_next_table_start,True
1911_census_volume_iii_part_xiv_summary,1911 Census - Volume III - Part XIV Summary.pdf,2112.0 - Volume III - Part XIV Summary,data\raw\abs_1911_census\1911 Census - Volume III - Part XIV Summary.pdf,244,152,"Materials, and Number of Inmates-Dwellings other than Private",2228,179,180,2,179 | 180,180,181,153,179,181,Occupied Dwellings,Australia,Section 13.-OCCUPIED DWELLINGS,0,same_page_as_next_table_start | same_page_as_previous_table_start,True
1911_census_volume_iii_part_xiv_summary,1911 Census - Volume III - Part XIV Summary.pdf,2112.0 - Volume III - Part XIV Summary,data\raw\abs_1911_census\1911 Census - Volume III - Part XIV Summary.pdf,244,153,"Materials, and Number of Inmates-All Dwellings",2228,179,180,2,179 | 180,180,181,154,181,181,Occupied Dwellings,Australia,Section 13.-OCCUPIED DWELLINGS,0,same_page_as_previous_table_start,True
1911_census_volume_iii_part_xiv_summary,1911 Census - Volume III - Part XIV Summary.pdf,2112.0 - Volume III - Part XIV Summary,data\raw\abs_1911_census\1911 Census - Volume III - Part XIV Summary.pdf,244,155,"Materials, and Number of Inmates, States and Territories-Private Dwellings",2231,182,182,1,182,183,183,156,182,183,Occupied Dwellings,States and Territories,Section 13.-OCCUPIED DWELLINGS,0,same_page_as_next_table_start,True
1911_census_volume_iii_part_xiv_summary,1911 Census - Volume III - Part XIV Summary.pdf,2112.0 - Volume III - Part XIV Summary,data\raw\abs_1911_census\1911 Census - Volume III - Part XIV Summary.pdf,244,156,"Materials, and Number of Inmates, States and Territories-Dwellings other than Private",2231,182,182,1,182,183,183,157,182,183,Occupied Dwellings,States and Territories,Section 13.-OCCUPIED DWELLINGS,0,same_page_as_next_table_start | same_page_as_previous_table_start,True
1911_census_volume_iii_part_xiv_summary,1911 Census - Volume III - Part XIV Summary.pdf,2112.0 - Volume III - Part XIV Summary,data\raw\abs_1911_census\1911 Census - Volume III - Part XIV Summary.pdf,244,157,"Materials, and Number of Inmates, States and Territories-All Dwellings",2231,182,182,1,182,183,183,158,183,183,Occupied Dwellings,States and Territories,Section 13.-OCCUPIED DWELLINGS,0,same_page_as_previous_table_start,True
1911_census_volume_iii_part_xiv_summary,1911 Census - Volume III - Part XIV Summary.pdf,2112.0 - Volume III - Part XIV Summary,data\raw\abs_1911_census\1911 Census - Volume III - Part XIV Summary.pdf,244,158,Number of Rooms and Number of Inmates-Private Dwellings,2232,183,184,2,183 | 184,184,185,159,183,185,Occupied Dwellings,Australia,Section 13.-OCCUPIED DWELLINGS,0,same_page_as_next_table_start,True
1911_census_volume_iii_part_xiv_summary,1911 Census - Volume III - Part XIV Summary.pdf,2112.0 - Volume III - Part XIV Summary,data\raw\abs_1911_census\1911 Census - Volume III - Part XIV Summary.pdf,244,159,Number of Rooms and Number of Inmates-Dwellings other than Private,2232,183,184,2,183 | 184,184,185,160,185,185,Occupied Dwellings,Australia,Section 13.-OCCUPIED DWELLINGS,0,same_page_as_previous_table_start,True
1911_census_volume_iii_part_xiv_summary,1911 Census - Volume III - Part XIV Summary.pdf,2112.0 - Volume III - Part XIV Summary,data\raw\abs_1911_census\1911 Census - Volume III - Part XIV Summary.pdf,244,160,Number of Rooms and Number of Inmates-All Dwellings,2234,185,185,1,185,186,186,161,185,186,Occupied Dwellings,Australia,Section 13.-OCCUPIED DWELLINGS,0,same_page_as_next_table_start,True
1911_census_volume_iii_part_xiv_summary,1911 Census - Volume III - Part XIV Summary.pdf,2112.0 - Volume III - Part XIV Summary,data\raw\abs_1911_census\1911 Census - Volume III - Part XIV Summary.pdf,244,161,"Inmates and Number of Rooms, States and Territories-Private Dwellings",2234,185,185,1,185,186,186,162,186,186,Occupied Dwellings,States and Territories,Section 13.-OCCUPIED DWELLINGS,0,same_page_as_previous_table_start,True
1911_census_volume_iii_part_xiv_summary,1911 Census - Volume III - Part XIV Summary.pdf,2112.0 - Volume III - Part XIV Summary,data\raw\abs_1911_census\1911 Census - Volume III - Part XIV Summary.pdf,244,166,Census Districts : Queensland,2249,200,200,1,200,201,201,167,200,201,"Population in Counties, Local Government Areas, etc.",Queensland,"Section 14.-POPULATION IN COUNTIES, LOCAL GOVERNMENT AREAS, ETC.",0,same_page_as_next_table_start,True
1911_census_volume_iii_part_xiv_summary,1911 Census - Volume III - Part XIV Summary.pdf,2112.0 - Volume III - Part XIV Summary,data\raw\abs_1911_census\1911 Census - Volume III - Part XIV Summary.pdf,244,167,Statistical Districts : Western Australia,2249,200,200,1,200,201,201,168,201,201,"Population in Counties, Local Government Areas, etc.",Western Australia,"Section 14.-POPULATION IN COUNTIES, LOCAL GOVERNMENT AREAS, ETC.",0,same_page_as_previous_table_start,True
