doc_id,file_name,title,local_path,page_count,page_index,pdf_page,printed_page,page_type,is_contents_or_index,contains_numbered_table_list,contains_page_reference_column,is_table_page,likely_continues_contents,confidence,reason,warnings,error
1911_census_index_to_volumes_ii_and_iii,1911 Census - Index to Volumes II and III.pdf,2112.0 - Index to Volumes II and III,data\raw\abs_1911_census\1911 Census - Index to Volumes II and III.pdf,4,0,1,1,index,True,False,True,False,False,1,The page is explicitly titled 'INDEX TO VOLUMES II. AND III.' and contains a list of topics with corresponding page references.,,
1911_census_index_to_volumes_ii_and_iii,1911 Census - Index to Volumes II and III.pdf,2112.0 - Index to Volumes II and III,data\raw\abs_1911_census\1911 Census - Index to Volumes II and III.pdf,4,1,2,2294,index,True,False,True,False,True,1,"The page is clearly an index page, indicated by the title 'INDEX TO VOLUMES II. AND III.' and the presence of alphabetical entries with corresponding page references.",,
1911_census_index_to_volumes_ii_and_iii,1911 Census - Index to Volumes II and III.pdf,2112.0 - Index to Volumes II and III,data\raw\abs_1911_census\1911 Census - Index to Volumes II and III.pdf,4,2,3,2295,index,True,False,True,False,True,1,The page is an alphabetical index listing topics and their corresponding page numbers.,,
1911_census_index_to_volumes_ii_and_iii,1911 Census - Index to Volumes II and III.pdf,2112.0 - Index to Volumes II and III,data\raw\abs_1911_census\1911 Census - Index to Volumes II and III.pdf,4,3,4,2296,index,True,False,True,False,True,1,"The page is an alphabetical index with page references, clearly indicated by the header 'INDEX TO VOLUMES II AND III'.",,
1911_census_volume_ii_detailed_tables_index_parts_i_viii,1911 Census - Volume II Detailed Tables Index Parts I - VIII.pdf,2112.0 - Volume II - Detailed Tables Index - Parts I - VIII,data\raw\abs_1911_census\1911 Census - Volume II Detailed Tables Index Parts I - VIII.pdf,4,0,1,,title_page,False,False,False,False,False,1,"The page is clearly a title page for the 1911 Census Volume II, containing the title, volume information, and publication authority.",,
1911_census_volume_ii_detailed_tables_index_parts_i_viii,1911 Census - Volume II Detailed Tables Index Parts I - VIII.pdf,2112.0 - Volume II - Detailed Tables Index - Parts I - VIII,data\raw\abs_1911_census\1911 Census - Volume II Detailed Tables Index Parts I - VIII.pdf,4,1,2,152,text,False,False,True,False,False,0.9,"The page is a 'Corrigenda' (errata) page, which lists corrections to previous pages. While it contains page references, it is not a table of contents or index of the document itself.",,
1911_census_volume_ii_detailed_tables_index_parts_i_viii,1911 Census - Volume II Detailed Tables Index Parts I - VIII.pdf,2112.0 - Volume II - Detailed Tables Index - Parts I - VIII,data\raw\abs_1911_census\1911 Census - Volume II Detailed Tables Index Parts I - VIII.pdf,4,2,3,,text,False,False,False,False,False,1,"The page is a preface containing introductory text describing the publication, not a table or index.",,
1911_census_volume_ii_detailed_tables_index_parts_i_viii,1911 Census - Volume II Detailed Tables Index Parts I - VIII.pdf,2112.0 - Volume II - Detailed Tables Index - Parts I - VIII,data\raw\abs_1911_census\1911 Census - Volume II Detailed Tables Index Parts I - VIII.pdf,4,3,4,,contents,True,False,True,False,False,1,The page is explicitly titled 'CONTENTS OF VOLUME II' and 'CONTENTS OF VOLUME III' and lists sections with corresponding page ranges.,,
1911_census_volume_ii_part_i_ages,1911 Census - Volume II - Part I Ages.pdf,2112.0 - Volume II - Part I Ages,data\raw\abs_1911_census\1911 Census - Volume II - Part I Ages.pdf,104,0,1,,title_page,False,False,False,False,False,1,"The page is clearly a title page for the 1911 Census publication, containing the title, date, part number, and author information.",,
1911_census_volume_ii_part_i_ages,1911 Census - Volume II - Part I Ages.pdf,2112.0 - Volume II - Part I Ages,data\raw\abs_1911_census\1911 Census - Volume II - Part I Ages.pdf,104,1,2,,blank,False,False,False,False,False,1,The page is completely blank.,,
1911_census_volume_ii_part_i_ages,1911 Census - Volume II - Part I Ages.pdf,2112.0 - Volume II - Part I Ages,data\raw\abs_1911_census\1911 Census - Volume II - Part I Ages.pdf,104,2,3,3,contents,True,True,True,False,False,1,The page is explicitly titled 'CONTENTS' and lists numbered tables with corresponding page references.,,
1911_census_volume_ii_part_i_ages,1911 Census - Volume II - Part I Ages.pdf,2112.0 - Volume II - Part I Ages,data\raw\abs_1911_census\1911 Census - Volume II - Part I Ages.pdf,104,3,4,4,contents,True,True,True,False,True,1,"The page is a continuation of the table of contents, listing table numbers, descriptions, and corresponding page numbers.",,
1911_census_volume_ii_part_i_ages,1911 Census - Volume II - Part I Ages.pdf,2112.0 - Volume II - Part I Ages,data\raw\abs_1911_census\1911 Census - Volume II - Part I Ages.pdf,104,4,5,5,table,False,False,False,True,False,1,The page contains a statistical table titled '1—NUMBER OF MALES RECORDED AT EACH AGE IN EACH STATE AND TERRITORY'.,,
1911_census_volume_ii_part_i_ages,1911 Census - Volume II - Part I Ages.pdf,2112.0 - Volume II - Part I Ages,data\raw\abs_1911_census\1911 Census - Volume II - Part I Ages.pdf,104,5,6,6,table,False,False,False,True,False,1,The page contains statistical data tables showing the number of males and females recorded at each age by state.,,
1911_census_volume_ii_part_i_ages,1911 Census - Volume II - Part I Ages.pdf,2112.0 - Volume II - Part I Ages,data\raw\abs_1911_census\1911 Census - Volume II - Part I Ages.pdf,104,6,7,7,table,False,False,False,True,False,1,"The page contains a statistical table showing the number of females recorded at each age, broken down by state and territory.",,
1911_census_volume_ii_part_i_ages,1911 Census - Volume II - Part I Ages.pdf,2112.0 - Volume II - Part I Ages,data\raw\abs_1911_census\1911 Census - Volume II - Part I Ages.pdf,104,7,8,8,table,False,False,False,True,False,1,The page contains two statistical tables (Table 2 and Table 3) showing census data by age and state.,,
1911_census_volume_ii_part_i_ages,1911 Census - Volume II - Part I Ages.pdf,2112.0 - Volume II - Part I Ages,data\raw\abs_1911_census\1911 Census - Volume II - Part I Ages.pdf,104,8,9,9,table,False,False,False,True,False,1,"The page contains a statistical table showing the number of persons at each age, broken down by state.",,
1911_census_volume_ii_part_i_ages,1911 Census - Volume II - Part I Ages.pdf,2112.0 - Volume II - Part I Ages,data\raw\abs_1911_census\1911 Census - Volume II - Part I Ages.pdf,104,9,10,10,table,False,False,False,True,False,1,The page contains two distinct statistical tables presenting census data by age groups and states.,,
1911_census_volume_ii_part_ii_birthplaces,1911 Census - Volume II - Part II Birthplaces.pdf,2112.0 - Volume II - Part II Birthplaces,data\raw\abs_1911_census\1911 Census - Volume II - Part II Birthplaces.pdf,282,0,1,,title_page,False,False,False,False,False,1,"The page is clearly a title page for the census document, containing the title, part number, and author information.",,
1911_census_volume_ii_part_ii_birthplaces,1911 Census - Volume II - Part II Birthplaces.pdf,2112.0 - Volume II - Part II Birthplaces,data\raw\abs_1911_census\1911 Census - Volume II - Part II Birthplaces.pdf,282,1,2,106,contents,True,True,True,False,False,1,The page is explicitly titled 'CONTENTS' and lists numbered tables with corresponding page references.,,
1911_census_volume_ii_part_ii_birthplaces,1911 Census - Volume II - Part II Birthplaces.pdf,2112.0 - Volume II - Part II Birthplaces,data\raw\abs_1911_census\1911 Census - Volume II - Part II Birthplaces.pdf,282,2,3,107,contents,True,True,True,False,True,1,The page is explicitly titled 'CONTENTS—continued' and lists table numbers with corresponding page references.,,
1911_census_volume_ii_part_ii_birthplaces,1911 Census - Volume II - Part II Birthplaces.pdf,2112.0 - Volume II - Part II Birthplaces,data\raw\abs_1911_census\1911 Census - Volume II - Part II Birthplaces.pdf,282,3,4,108,contents,True,True,True,False,True,1,The page is explicitly titled 'CONTENTS—continued' and lists table numbers with corresponding page references.,,
1911_census_volume_ii_part_ii_birthplaces,1911 Census - Volume II - Part II Birthplaces.pdf,2112.0 - Volume II - Part II Birthplaces,data\raw\abs_1911_census\1911 Census - Volume II - Part II Birthplaces.pdf,282,4,5,109,table,False,False,False,True,False,1,The page contains a statistical table titled '1. MALE POPULATION OF THE STATES AND TERRITORIES OF THE COMMONWEALTH'.,,
1911_census_volume_ii_part_ii_birthplaces,1911 Census - Volume II - Part II Birthplaces.pdf,2112.0 - Volume II - Part II Birthplaces,data\raw\abs_1911_census\1911 Census - Volume II - Part II Birthplaces.pdf,282,5,6,110,table,False,False,False,True,False,1,"The page contains a statistical data table showing male population by birthplace, specifically for Asia and Africa.",,
1911_census_volume_ii_part_ii_birthplaces,1911 Census - Volume II - Part II Birthplaces.pdf,2112.0 - Volume II - Part II Birthplaces,data\raw\abs_1911_census\1911 Census - Volume II - Part II Birthplaces.pdf,282,6,7,111,table,False,False,False,True,False,1,"The page contains a statistical table detailing male population by birthplace, continuing from previous pages.",,
1911_census_volume_ii_part_ii_birthplaces,1911 Census - Volume II - Part II Birthplaces.pdf,2112.0 - Volume II - Part II Birthplaces,data\raw\abs_1911_census\1911 Census - Volume II - Part II Birthplaces.pdf,282,7,8,112,table,False,False,False,True,False,1,The page contains two statistical tables detailing population by birthplace.,,
1911_census_volume_ii_part_ii_birthplaces,1911 Census - Volume II - Part II Birthplaces.pdf,2112.0 - Volume II - Part II Birthplaces,data\raw\abs_1911_census\1911 Census - Volume II - Part II Birthplaces.pdf,282,8,9,113,table,False,False,False,True,False,1,The page contains a statistical table showing the female population of states and territories by birthplace.,,
1911_census_volume_ii_part_ii_birthplaces,1911 Census - Volume II - Part II Birthplaces.pdf,2112.0 - Volume II - Part II Birthplaces,data\raw\abs_1911_census\1911 Census - Volume II - Part II Birthplaces.pdf,282,9,10,114,table,False,False,False,True,False,1,"The page contains a statistical table showing the female population by birthplace, specifically for Africa and America.",,
1911_census_volume_ii_part_iii_length_of_residence,1911 Census - Volume II - Part III Length of Residence.pdf,2112.0 - Volume II - Part III Length of Residence,data\raw\abs_1911_census\1911 Census - Volume II - Part III Length of Residence.pdf,54,0,1,,title_page,False,False,False,False,False,1,"The page is clearly a title page for the document, containing the title, census date, part number, and author information.",,
1911_census_volume_ii_part_iii_length_of_residence,1911 Census - Volume II - Part III Length of Residence.pdf,2112.0 - Volume II - Part III Length of Residence,data\raw\abs_1911_census\1911 Census - Volume II - Part III Length of Residence.pdf,54,1,2,,blank,False,False,False,False,False,1,The page is entirely blank.,,
1911_census_volume_ii_part_iii_length_of_residence,1911 Census - Volume II - Part III Length of Residence.pdf,2112.0 - Volume II - Part III Length of Residence,data\raw\abs_1911_census\1911 Census - Volume II - Part III Length of Residence.pdf,54,2,3,389,contents,True,True,True,False,False,1,The page is explicitly titled 'CONTENTS' and lists numbered tables with corresponding page references.,,
1911_census_volume_ii_part_iii_length_of_residence,1911 Census - Volume II - Part III Length of Residence.pdf,2112.0 - Volume II - Part III Length of Residence,data\raw\abs_1911_census\1911 Census - Volume II - Part III Length of Residence.pdf,54,3,4,390,table,False,False,False,True,False,1,"The page contains a statistical table titled 'Population of the States and Territories of the Commonwealth of Australia at the Census of 3rd April, 1911, classified according to length of residence in Australia'.",,
1911_census_volume_ii_part_iii_length_of_residence,1911 Census - Volume II - Part III Length of Residence.pdf,2112.0 - Volume II - Part III Length of Residence,data\raw\abs_1911_census\1911 Census - Volume II - Part III Length of Residence.pdf,54,4,5,391,table,False,False,False,True,False,1,The page contains a statistical data table showing population by length of residence across Australian states and territories.,,
1911_census_volume_ii_part_iii_length_of_residence,1911 Census - Volume II - Part III Length of Residence.pdf,2112.0 - Volume II - Part III Length of Residence,data\raw\abs_1911_census\1911 Census - Volume II - Part III Length of Residence.pdf,54,5,6,392,table,False,False,False,True,False,1,The page contains a statistical data table showing population counts by length of residence and age for males and females.,,
1911_census_volume_ii_part_iii_length_of_residence,1911 Census - Volume II - Part III Length of Residence.pdf,2112.0 - Volume II - Part III Length of Residence,data\raw\abs_1911_census\1911 Census - Volume II - Part III Length of Residence.pdf,54,6,7,393,table,False,False,False,True,False,1,The page contains a statistical table showing population data by age and length of residence.,,
1911_census_volume_ii_part_iii_length_of_residence,1911 Census - Volume II - Part III Length of Residence.pdf,2112.0 - Volume II - Part III Length of Residence,data\raw\abs_1911_census\1911 Census - Volume II - Part III Length of Residence.pdf,54,7,8,394,table,False,False,False,True,False,1,The page contains two statistical tables showing population data by length of residence and age.,,
1911_census_volume_ii_part_iii_length_of_residence,1911 Census - Volume II - Part III Length of Residence.pdf,2112.0 - Volume II - Part III Length of Residence,data\raw\abs_1911_census\1911 Census - Volume II - Part III Length of Residence.pdf,54,8,9,395,table,False,False,False,True,False,1,"The page contains statistical data tables for 'Length of Residence' in Australia, categorized by age and gender.",,
1911_census_volume_ii_part_iii_length_of_residence,1911 Census - Volume II - Part III Length of Residence.pdf,2112.0 - Volume II - Part III Length of Residence,data\raw\abs_1911_census\1911 Census - Volume II - Part III Length of Residence.pdf,54,9,10,396,table,False,False,False,True,False,1,The page contains statistical data tables for 'Length of Residence' by age for females and persons.,,
1911_census_volume_ii_part_iv_education,1911 Census - Volume II - Part IV Education.pdf,2112.0 - Volume II - Part IV Education,data\raw\abs_1911_census\1911 Census - Volume II - Part IV Education.pdf,182,0,1,,title_page,False,False,False,False,False,1,"The page is clearly a title page for the document, containing the title, date, and authorship information.",,
1911_census_volume_ii_part_iv_education,1911 Census - Volume II - Part IV Education.pdf,2112.0 - Volume II - Part IV Education,data\raw\abs_1911_census\1911 Census - Volume II - Part IV Education.pdf,182,1,2,442,contents,True,True,True,False,False,1,The page is explicitly titled 'CONTENTS' and lists numbered tables with corresponding page references.,,
1911_census_volume_ii_part_iv_education,1911 Census - Volume II - Part IV Education.pdf,2112.0 - Volume II - Part IV Education,data\raw\abs_1911_census\1911 Census - Volume II - Part IV Education.pdf,182,2,3,443,table,False,False,False,True,False,1,The page contains two statistical tables (Table 1 and Table 2) presenting census data on education.,,
1911_census_volume_ii_part_iv_education,1911 Census - Volume II - Part IV Education.pdf,2112.0 - Volume II - Part IV Education,data\raw\abs_1911_census\1911 Census - Volume II - Part IV Education.pdf,182,3,4,444,table,False,False,False,True,False,1,The page contains a statistical table titled '3.—NUMBER OF MALES RECORDED IN EACH STATE AND TERRITORY OF THE COMMONWEALTH'.,,
1911_census_volume_ii_part_iv_education,1911 Census - Volume II - Part IV Education.pdf,2112.0 - Volume II - Part IV Education,data\raw\abs_1911_census\1911 Census - Volume II - Part IV Education.pdf,182,4,5,445,table,False,False,False,True,False,1,The page contains statistical data tables (Table 3 and Table 4) showing census figures for males and females by state and age.,,
1911_census_volume_ii_part_iv_education,1911 Census - Volume II - Part IV Education.pdf,2112.0 - Volume II - Part IV Education,data\raw\abs_1911_census\1911 Census - Volume II - Part IV Education.pdf,182,5,6,446,table,False,False,False,True,False,1,The page contains statistical data tables regarding education and literacy by state and age group.,,
1911_census_volume_ii_part_iv_education,1911 Census - Volume II - Part IV Education.pdf,2112.0 - Volume II - Part IV Education,data\raw\abs_1911_census\1911 Census - Volume II - Part IV Education.pdf,182,6,7,447,table,False,False,False,True,False,1,The page contains a statistical table titled '5 - NUMBER OF PERSONS RECORDED IN EACH STATE AND TERRITORY OF THE COMMONWEALTH'.,,
1911_census_volume_ii_part_iv_education,1911 Census - Volume II - Part IV Education.pdf,2112.0 - Volume II - Part IV Education,data\raw\abs_1911_census\1911 Census - Volume II - Part IV Education.pdf,182,7,8,448,table,False,False,False,True,False,1,The page contains statistical data tables (Table 5 and Table 6) with rows and columns of numerical data.,,
1911_census_volume_ii_part_iv_education,1911 Census - Volume II - Part IV Education.pdf,2112.0 - Volume II - Part IV Education,data\raw\abs_1911_census\1911 Census - Volume II - Part IV Education.pdf,182,8,9,449,table,False,False,False,True,False,1,The page contains statistical data tables (Table 6 continued and Table 7) regarding education and age.,,
1911_census_volume_ii_part_iv_education,1911 Census - Volume II - Part IV Education.pdf,2112.0 - Volume II - Part IV Education,data\raw\abs_1911_census\1911 Census - Volume II - Part IV Education.pdf,182,9,10,450,table,False,False,False,True,False,1,The page contains statistical data tables (Table 7 continued and Table 8) with no index or contents structure.,,
1911_census_volume_ii_part_v_schooling,1911 Census - Volume II - Part V Schooling.pdf,2112.0 - Volume II - Part V Schooling,data\raw\abs_1911_census\1911 Census - Volume II - Part V Schooling.pdf,124,0,1,,title_page,False,False,False,False,False,1,"The page is clearly a title page for the document, containing the title, census date, part number, and author information.",,
1911_census_volume_ii_part_v_schooling,1911 Census - Volume II - Part V Schooling.pdf,2112.0 - Volume II - Part V Schooling,data\raw\abs_1911_census\1911 Census - Volume II - Part V Schooling.pdf,124,1,2,624,contents,True,True,True,False,False,1,The page is explicitly titled 'CONTENTS' and lists numbered tables with corresponding page references.,,
1911_census_volume_ii_part_v_schooling,1911 Census - Volume II - Part V Schooling.pdf,2112.0 - Volume II - Part V Schooling,data\raw\abs_1911_census\1911 Census - Volume II - Part V Schooling.pdf,124,2,3,625,table,False,False,False,True,False,1,The page contains a statistical table titled '1. NUMBER OF PERSONS OF ALL AGES RECORDED IN EACH STATE AND TERRITORY OF THE COMMONWEALTH'.,,
1911_census_volume_ii_part_v_schooling,1911 Census - Volume II - Part V Schooling.pdf,2112.0 - Volume II - Part V Schooling,data\raw\abs_1911_census\1911 Census - Volume II - Part V Schooling.pdf,124,3,4,626,table,False,False,False,True,False,1,The page contains a statistical table titled 'Number of children aged last birthday from 6 to 13 years recorded in each state and territory of the Commonwealth'.,,
1911_census_volume_ii_part_v_schooling,1911 Census - Volume II - Part V Schooling.pdf,2112.0 - Volume II - Part V Schooling,data\raw\abs_1911_census\1911 Census - Volume II - Part V Schooling.pdf,124,4,5,627,table,False,False,False,True,False,1,The page contains a statistical table titled '3.—NUMBER OF MALES RECORDED IN EACH STATE AND TERRITORY OF THE COMMONWEALTH'.,,
1911_census_volume_ii_part_v_schooling,1911 Census - Volume II - Part V Schooling.pdf,2112.0 - Volume II - Part V Schooling,data\raw\abs_1911_census\1911 Census - Volume II - Part V Schooling.pdf,124,5,6,628,table,False,False,False,True,False,1,The page contains a statistical table titled '4.—NUMBER OF FEMALES RECORDED IN EACH STATE AND TERRITORY OF THE COMMONWEALTH'.,,
1911_census_volume_ii_part_v_schooling,1911 Census - Volume II - Part V Schooling.pdf,2112.0 - Volume II - Part V Schooling,data\raw\abs_1911_census\1911 Census - Volume II - Part V Schooling.pdf,124,6,7,629,table,False,False,False,True,False,1,The page contains a statistical table titled '5.—NUMBER OF PERSONS RECORDED IN EACH STATE AND TERRITORY OF THE COMMONWEALTH'.,,
1911_census_volume_ii_part_v_schooling,1911 Census - Volume II - Part V Schooling.pdf,2112.0 - Volume II - Part V Schooling,data\raw\abs_1911_census\1911 Census - Volume II - Part V Schooling.pdf,124,7,8,630,table,False,False,False,True,False,1,The page contains a statistical table titled '6.--NUMBER OF MALES RECORDED IN EACH METROPOLITAN AREA OF THE COMMONWEALTH'.,,
1911_census_volume_ii_part_v_schooling,1911 Census - Volume II - Part V Schooling.pdf,2112.0 - Volume II - Part V Schooling,data\raw\abs_1911_census\1911 Census - Volume II - Part V Schooling.pdf,124,8,9,631,table,False,False,False,True,False,1,The page contains a statistical table titled '7.—NUMBER OF FEMALES RECORDED IN EACH METROPOLITAN AREA OF THE COMMONWEALTH'.,,
1911_census_volume_ii_part_v_schooling,1911 Census - Volume II - Part V Schooling.pdf,2112.0 - Volume II - Part V Schooling,data\raw\abs_1911_census\1911 Census - Volume II - Part V Schooling.pdf,124,9,10,632,table,False,False,False,True,False,1,The page contains a statistical table titled '8.—NUMBER OF PERSONS RECORDED IN EACH METROPOLITAN AREA OF THE COMMONWEALTH'.,,
1911_census_volume_ii_part_vi_religions,1911 Census - Volume II - Part VI Religions.pdf,2112.0 - Volume II - Part VI Religions,data\raw\abs_1911_census\1911 Census - Volume II - Part VI Religions.pdf,119,0,1,,title_page,False,False,False,False,False,1,The page is clearly a title page for the 1911 Census Part VI Religions document.,,
1911_census_volume_ii_part_vi_religions,1911 Census - Volume II - Part VI Religions.pdf,2112.0 - Volume II - Part VI Religions,data\raw\abs_1911_census\1911 Census - Volume II - Part VI Religions.pdf,119,1,2,,blank,False,False,False,False,False,1,The page is entirely blank.,,
1911_census_volume_ii_part_vi_religions,1911 Census - Volume II - Part VI Religions.pdf,2112.0 - Volume II - Part VI Religions,data\raw\abs_1911_census\1911 Census - Volume II - Part VI Religions.pdf,119,2,3,749,contents,True,True,True,False,False,1,The page is explicitly titled 'CONTENTS' and lists numbered tables with corresponding page references.,,
1911_census_volume_ii_part_vi_religions,1911 Census - Volume II - Part VI Religions.pdf,2112.0 - Volume II - Part VI Religions,data\raw\abs_1911_census\1911 Census - Volume II - Part VI Religions.pdf,119,3,4,750,contents,True,True,True,False,True,1,The page is explicitly titled 'CONTENTS—continued' and lists table numbers with corresponding page references.,,
1911_census_volume_ii_part_vi_religions,1911 Census - Volume II - Part VI Religions.pdf,2112.0 - Volume II - Part VI Religions,data\raw\abs_1911_census\1911 Census - Volume II - Part VI Religions.pdf,119,4,5,751,table,False,False,False,True,False,1,The page contains a statistical table titled '1.-MALE POPULATION OF THE STATES AND TERRITORIES OF THE COMMONWEALTH' with data organized by religion and state.,,
1911_census_volume_ii_part_vi_religions,1911 Census - Volume II - Part VI Religions.pdf,2112.0 - Volume II - Part VI Religions,data\raw\abs_1911_census\1911 Census - Volume II - Part VI Religions.pdf,119,5,6,752,table,False,False,False,True,False,1,The page contains a statistical table detailing the male population by religion across Australian states and territories.,,
1911_census_volume_ii_part_vi_religions,1911 Census - Volume II - Part VI Religions.pdf,2112.0 - Volume II - Part VI Religions,data\raw\abs_1911_census\1911 Census - Volume II - Part VI Religions.pdf,119,6,7,753,table,False,False,False,True,False,1,The page contains a statistical table showing the male population of states and territories by religion.,,
1911_census_volume_ii_part_vi_religions,1911 Census - Volume II - Part VI Religions.pdf,2112.0 - Volume II - Part VI Religions,data\raw\abs_1911_census\1911 Census - Volume II - Part VI Religions.pdf,119,7,8,754,table,False,False,False,True,False,1,The page is a statistical table showing the male population of states and territories by religion.,,
1911_census_volume_ii_part_vi_religions,1911 Census - Volume II - Part VI Religions.pdf,2112.0 - Volume II - Part VI Religions,data\raw\abs_1911_census\1911 Census - Volume II - Part VI Religions.pdf,119,8,9,755,table,False,False,False,True,False,1,The page contains a statistical table showing male population by religion across Australian states and territories.,,
1911_census_volume_ii_part_vi_religions,1911 Census - Volume II - Part VI Religions.pdf,2112.0 - Volume II - Part VI Religions,data\raw\abs_1911_census\1911 Census - Volume II - Part VI Religions.pdf,119,9,10,756,table,False,False,False,True,False,1,"The page contains a statistical table detailing the male population by religion, specifically categories 21 through 25.",,
1911_census_volume_ii_part_vii_blindness_and_deaf_mutism,1911 Census - Volume II - Part VII Blindness and Deaf Mutism.pdf,2112.0 - Volume II - Part VII Blindness and Deaf Mutism,data\raw\abs_1911_census\1911 Census - Volume II - Part VII Blindness and Deaf Mutism.pdf,32,0,1,,title_page,False,False,False,False,False,1,"The page is clearly a title page for the document, containing the title, census date, part number, and author information.",,
1911_census_volume_ii_part_vii_blindness_and_deaf_mutism,1911 Census - Volume II - Part VII Blindness and Deaf Mutism.pdf,2112.0 - Volume II - Part VII Blindness and Deaf Mutism,data\raw\abs_1911_census\1911 Census - Volume II - Part VII Blindness and Deaf Mutism.pdf,32,1,2,866,contents,True,True,True,False,False,1,The page is explicitly titled 'CONTENTS' and lists tables with their corresponding page numbers.,,
1911_census_volume_ii_part_vii_blindness_and_deaf_mutism,1911 Census - Volume II - Part VII Blindness and Deaf Mutism.pdf,2112.0 - Volume II - Part VII Blindness and Deaf Mutism,data\raw\abs_1911_census\1911 Census - Volume II - Part VII Blindness and Deaf Mutism.pdf,32,2,3,867,table,False,False,False,True,False,1,The page contains statistical data tables comparing blind and deaf-mute populations across Australian states for the 1901 and 1911 censuses.,,
1911_census_volume_ii_part_vii_blindness_and_deaf_mutism,1911 Census - Volume II - Part VII Blindness and Deaf Mutism.pdf,2112.0 - Volume II - Part VII Blindness and Deaf Mutism,data\raw\abs_1911_census\1911 Census - Volume II - Part VII Blindness and Deaf Mutism.pdf,32,3,4,868,table,False,False,False,True,False,1,The page contains a statistical table titled '2. AGES OF BLIND PERSONS RECORDED IN THE SEVERAL STATES OF THE COMMONWEALTH OF AUSTRALIA'.,,
1911_census_volume_ii_part_vii_blindness_and_deaf_mutism,1911 Census - Volume II - Part VII Blindness and Deaf Mutism.pdf,2112.0 - Volume II - Part VII Blindness and Deaf Mutism,data\raw\abs_1911_census\1911 Census - Volume II - Part VII Blindness and Deaf Mutism.pdf,32,4,5,869,table,False,False,False,True,False,1,The page contains a statistical table titled '3.—BIRTHPLACES OF THE BLIND RECORDED IN THE SEVERAL STATES OF THE COMMONWEALTH OF AUSTRALIA'.,,
1911_census_volume_ii_part_vii_blindness_and_deaf_mutism,1911 Census - Volume II - Part VII Blindness and Deaf Mutism.pdf,2112.0 - Volume II - Part VII Blindness and Deaf Mutism,data\raw\abs_1911_census\1911 Census - Volume II - Part VII Blindness and Deaf Mutism.pdf,32,5,6,870,table,False,False,False,True,False,1,"The page contains statistical data tables regarding birthplaces of the blind, organized by state and category.",,
1911_census_volume_ii_part_vii_blindness_and_deaf_mutism,1911 Census - Volume II - Part VII Blindness and Deaf Mutism.pdf,2112.0 - Volume II - Part VII Blindness and Deaf Mutism,data\raw\abs_1911_census\1911 Census - Volume II - Part VII Blindness and Deaf Mutism.pdf,32,6,7,871,table,False,False,False,True,False,1,The page contains a statistical table titled '4.—BLIND MALES RECORDED IN THE COMMONWEALTH OF AUSTRALIA' with data organized by birthplace and age.,,
1911_census_volume_ii_part_vii_blindness_and_deaf_mutism,1911 Census - Volume II - Part VII Blindness and Deaf Mutism.pdf,2112.0 - Volume II - Part VII Blindness and Deaf Mutism,data\raw\abs_1911_census\1911 Census - Volume II - Part VII Blindness and Deaf Mutism.pdf,32,7,8,872,table,False,False,False,True,False,1,The page contains a statistical table titled '5. BLIND FEMALES RECORDED IN THE COMMONWEALTH OF AUSTRALIA' with data categorized by birthplaces and age groups.,,
1911_census_volume_ii_part_vii_blindness_and_deaf_mutism,1911 Census - Volume II - Part VII Blindness and Deaf Mutism.pdf,2112.0 - Volume II - Part VII Blindness and Deaf Mutism,data\raw\abs_1911_census\1911 Census - Volume II - Part VII Blindness and Deaf Mutism.pdf,32,8,9,873,table,False,False,False,True,False,1,The page contains a statistical table titled '6.—BLIND PERSONS RECORDED IN THE COMMONWEALTH OF AUSTRALIA' with data organized by birthplace and age.,,
1911_census_volume_ii_part_vii_blindness_and_deaf_mutism,1911 Census - Volume II - Part VII Blindness and Deaf Mutism.pdf,2112.0 - Volume II - Part VII Blindness and Deaf Mutism,data\raw\abs_1911_census\1911 Census - Volume II - Part VII Blindness and Deaf Mutism.pdf,32,9,10,874,table,False,False,False,True,False,1,"The page contains a statistical table titled '7.—BLIND MALES RECORDED IN THE SEVERAL STATES OF THE COMMONWEALTH OF AUSTRALIA' with data categorized by state, age, and marital status.",,
1911_census_volume_ii_part_viii_non_european_races,1911 Census - Volume II - Part VIII Non-European Races.pdf,2112.0 - Volume II - Part VIII Non-European Races,data\raw\abs_1911_census\1911 Census - Volume II - Part VIII Non-European Races.pdf,177,0,1,,title_page,False,False,False,False,False,1,"The page is clearly a title page for the 1911 Census publication, Part VIII.",,
1911_census_volume_ii_part_viii_non_european_races,1911 Census - Volume II - Part VIII Non-European Races.pdf,2112.0 - Volume II - Part VIII Non-European Races,data\raw\abs_1911_census\1911 Census - Volume II - Part VIII Non-European Races.pdf,177,1,2,,blank,False,False,False,False,False,1,The page is entirely blank.,,
1911_census_volume_ii_part_viii_non_european_races,1911 Census - Volume II - Part VIII Non-European Races.pdf,2112.0 - Volume II - Part VIII Non-European Races,data\raw\abs_1911_census\1911 Census - Volume II - Part VIII Non-European Races.pdf,177,2,3,899,contents,True,True,True,False,False,1,The page is explicitly titled 'CONTENTS' and lists numbered tables with corresponding page references.,,
1911_census_volume_ii_part_viii_non_european_races,1911 Census - Volume II - Part VIII Non-European Races.pdf,2112.0 - Volume II - Part VIII Non-European Races,data\raw\abs_1911_census\1911 Census - Volume II - Part VIII Non-European Races.pdf,177,3,4,900,contents,True,True,True,False,True,1,The page is explicitly titled 'CONTENTS—continued' and lists table numbers with corresponding page references.,,
1911_census_volume_ii_part_viii_non_european_races,1911 Census - Volume II - Part VIII Non-European Races.pdf,2112.0 - Volume II - Part VIII Non-European Races,data\raw\abs_1911_census\1911 Census - Volume II - Part VIII Non-European Races.pdf,177,4,5,901,contents,True,True,True,False,True,1,"The page is clearly a continuation of a table of contents, listing table numbers and their corresponding page references.",,
1911_census_volume_ii_part_viii_non_european_races,1911 Census - Volume II - Part VIII Non-European Races.pdf,2112.0 - Volume II - Part VIII Non-European Races,data\raw\abs_1911_census\1911 Census - Volume II - Part VIII Non-European Races.pdf,177,5,6,902,contents,True,True,True,False,True,1,The page is explicitly titled 'CONTENTS—continued' and lists table numbers with corresponding page references.,,
1911_census_volume_ii_part_viii_non_european_races,1911 Census - Volume II - Part VIII Non-European Races.pdf,2112.0 - Volume II - Part VIII Non-European Races,data\raw\abs_1911_census\1911 Census - Volume II - Part VIII Non-European Races.pdf,177,6,7,903,table,False,True,False,True,False,1,The page contains two statistical tables (Table 1 and Table 2) presenting census data for non-European races.,,
1911_census_volume_ii_part_viii_non_european_races,1911 Census - Volume II - Part VIII Non-European Races.pdf,2112.0 - Volume II - Part VIII Non-European Races,data\raw\abs_1911_census\1911 Census - Volume II - Part VIII Non-European Races.pdf,177,7,8,904,table,False,False,False,True,False,1,The page contains two statistical tables (Table 3 and Table 4) detailing non-European races by state and territory.,,
1911_census_volume_ii_part_viii_non_european_races,1911 Census - Volume II - Part VIII Non-European Races.pdf,2112.0 - Volume II - Part VIII Non-European Races,data\raw\abs_1911_census\1911 Census - Volume II - Part VIII Non-European Races.pdf,177,8,9,905,table,False,False,False,True,False,1,The page contains two statistical tables detailing non-European races by state and territory.,,
1911_census_volume_ii_part_viii_non_european_races,1911 Census - Volume II - Part VIII Non-European Races.pdf,2112.0 - Volume II - Part VIII Non-European Races,data\raw\abs_1911_census\1911 Census - Volume II - Part VIII Non-European Races.pdf,177,9,10,906,table,False,False,False,True,False,1,"The page contains two statistical tables (Table 6 and Table 7) detailing census data by race, age, and gender.",,
1911_census_volume_iii_detailed_tables_index_parts_ix_xiv,1911 Census - Volume III Detailed Tables Index Parts IX - XIV.pdf,2112.0 - Volume III - Detailed Tables Index - Parts IX - XIV,data\raw\abs_1911_census\1911 Census - Volume III Detailed Tables Index Parts IX - XIV.pdf,4,0,1,,title_page,False,False,False,False,False,1,The page is clearly a title page for the 1911 Census Volume III publication.,,
1911_census_volume_iii_detailed_tables_index_parts_ix_xiv,1911 Census - Volume III Detailed Tables Index Parts IX - XIV.pdf,2112.0 - Volume III - Detailed Tables Index - Parts IX - XIV,data\raw\abs_1911_census\1911 Census - Volume III Detailed Tables Index Parts IX - XIV.pdf,4,1,2,,text,False,False,False,False,False,0.95,"The page is a 'Corrigenda' page, which lists corrections for errors found in the document. It is not a table of contents, index, or a statistical table page.",,
1911_census_volume_iii_detailed_tables_index_parts_ix_xiv,1911 Census - Volume III Detailed Tables Index Parts IX - XIV.pdf,2112.0 - Volume III - Detailed Tables Index - Parts IX - XIV,data\raw\abs_1911_census\1911 Census - Volume III Detailed Tables Index Parts IX - XIV.pdf,4,2,3,,text,False,False,False,False,False,1,"The page is a preface document containing introductory text and signature, not a table or index.",,
1911_census_volume_iii_detailed_tables_index_parts_ix_xiv,1911 Census - Volume III Detailed Tables Index Parts IX - XIV.pdf,2112.0 - Volume III - Detailed Tables Index - Parts IX - XIV,data\raw\abs_1911_census\1911 Census - Volume III Detailed Tables Index Parts IX - XIV.pdf,4,3,4,,contents,True,True,True,False,False,1,The page is explicitly titled 'CONTENTS OF VOLUME II' and 'CONTENTS OF VOLUME III' and lists parts with corresponding page ranges.,,
1911_census_volume_iii_part_ix_conjugal_condition,1911 Census - Volume III - Part IX Conjugal Condition.pdf,2112.0 - Volume III - Part IX Conjugal Condition,data\raw\abs_1911_census\1911 Census - Volume III - Part IX Conjugal Condition.pdf,28,0,1,,title_page,False,False,False,False,False,1,"The page is clearly a title page for the document, containing the title, part number, and author information.",,
1911_census_volume_iii_part_ix_conjugal_condition,1911 Census - Volume III - Part IX Conjugal Condition.pdf,2112.0 - Volume III - Part IX Conjugal Condition,data\raw\abs_1911_census\1911 Census - Volume III - Part IX Conjugal Condition.pdf,28,1,2,1076,contents,True,True,True,False,False,1,The page is explicitly titled 'CONTENTS' and lists numbered tables with corresponding page references.,,
1911_census_volume_iii_part_ix_conjugal_condition,1911 Census - Volume III - Part IX Conjugal Condition.pdf,2112.0 - Volume III - Part IX Conjugal Condition,data\raw\abs_1911_census\1911 Census - Volume III - Part IX Conjugal Condition.pdf,28,2,3,1077,table,False,False,False,True,False,1,The page contains two distinct statistical tables (Table 1 and Table 2) presenting census data on conjugal condition.,,
1911_census_volume_iii_part_ix_conjugal_condition,1911 Census - Volume III - Part IX Conjugal Condition.pdf,2112.0 - Volume III - Part IX Conjugal Condition,data\raw\abs_1911_census\1911 Census - Volume III - Part IX Conjugal Condition.pdf,28,3,4,1078,table,False,False,False,True,False,1,The page contains a statistical table titled '3.—MALES ENUMERATED IN EACH STATE AND' showing census data by age and conjugal condition.,,
1911_census_volume_iii_part_ix_conjugal_condition,1911 Census - Volume III - Part IX Conjugal Condition.pdf,2112.0 - Volume III - Part IX Conjugal Condition,data\raw\abs_1911_census\1911 Census - Volume III - Part IX Conjugal Condition.pdf,28,4,5,1079,table,False,False,False,True,False,1,The page contains a statistical table showing conjugal condition by age and state/territory.,,
1911_census_volume_iii_part_ix_conjugal_condition,1911 Census - Volume III - Part IX Conjugal Condition.pdf,2112.0 - Volume III - Part IX Conjugal Condition,data\raw\abs_1911_census\1911 Census - Volume III - Part IX Conjugal Condition.pdf,28,5,6,1080,table,False,False,False,True,False,1,The page contains a statistical table showing females enumerated in each state by conjugal condition and age.,,
1911_census_volume_iii_part_ix_conjugal_condition,1911 Census - Volume III - Part IX Conjugal Condition.pdf,2112.0 - Volume III - Part IX Conjugal Condition,data\raw\abs_1911_census\1911 Census - Volume III - Part IX Conjugal Condition.pdf,28,6,7,1081,table,False,False,False,True,False,1,The page contains a statistical table detailing conjugal condition by age and state/territory.,,
1911_census_volume_iii_part_ix_conjugal_condition,1911 Census - Volume III - Part IX Conjugal Condition.pdf,2112.0 - Volume III - Part IX Conjugal Condition,data\raw\abs_1911_census\1911 Census - Volume III - Part IX Conjugal Condition.pdf,28,7,8,1082,table,False,False,False,True,False,1,The page contains a statistical table titled '5.-PERSONS ENUMERATED IN EACH STATE AND' detailing conjugal condition by age.,,
1911_census_volume_iii_part_ix_conjugal_condition,1911 Census - Volume III - Part IX Conjugal Condition.pdf,2112.0 - Volume III - Part IX Conjugal Condition,data\raw\abs_1911_census\1911 Census - Volume III - Part IX Conjugal Condition.pdf,28,8,9,1083,table,False,False,False,True,False,1,"The page contains a statistical table showing population data by conjugal condition, age, and state/territory.",,
1911_census_volume_iii_part_ix_conjugal_condition,1911 Census - Volume III - Part IX Conjugal Condition.pdf,2112.0 - Volume III - Part IX Conjugal Condition,data\raw\abs_1911_census\1911 Census - Volume III - Part IX Conjugal Condition.pdf,28,9,10,1084,table,False,False,False,True,False,1,The page contains a statistical table titled '6.—MALES ENUMERATED IN THE METROPOLITAN' showing census data by age and conjugal condition.,,
1911_census_volume_iii_part_x_families,1911 Census - Volume III - Part X Families.pdf,2112.0 - Volume III - Part X Families,data\raw\abs_1911_census\1911 Census - Volume III - Part X Families.pdf,104,0,1,,title_page,False,False,False,False,False,1,"The page is clearly a title page for the 1911 Census publication, Part X - Families.",,
1911_census_volume_iii_part_x_families,1911 Census - Volume III - Part X Families.pdf,2112.0 - Volume III - Part X Families,data\raw\abs_1911_census\1911 Census - Volume III - Part X Families.pdf,104,1,2,1104,contents,True,True,True,False,False,1,The page is explicitly titled 'CONTENTS' and lists tables with corresponding page numbers.,,
1911_census_volume_iii_part_x_families,1911 Census - Volume III - Part X Families.pdf,2112.0 - Volume III - Part X Families,data\raw\abs_1911_census\1911 Census - Volume III - Part X Families.pdf,104,2,3,1105,contents,True,True,True,False,True,1,The page is explicitly titled 'CONTENTS—continued' and lists table numbers with corresponding page references.,,
1911_census_volume_iii_part_x_families,1911 Census - Volume III - Part X Families.pdf,2112.0 - Volume III - Part X Families,data\raw\abs_1911_census\1911 Census - Volume III - Part X Families.pdf,104,3,4,1106,table,False,False,False,True,False,1,"The page contains two statistical tables (1. Relative ages of husbands and wives, 2. Relative religions of husbands and wives) with data rows and columns.",,
1911_census_volume_iii_part_x_families,1911 Census - Volume III - Part X Families.pdf,2112.0 - Volume III - Part X Families,data\raw\abs_1911_census\1911 Census - Volume III - Part X Families.pdf,104,4,5,1107,table,False,False,False,True,False,1,The page contains two statistical data tables regarding census information (ages of husbands/wives and religions of wives).,,
1911_census_volume_iii_part_x_families,1911 Census - Volume III - Part X Families.pdf,2112.0 - Volume III - Part X Families,data\raw\abs_1911_census\1911 Census - Volume III - Part X Families.pdf,104,5,6,1108,table,False,False,False,True,False,1,"The page contains a statistical table titled '3.-RELATIVE BIRTHPLACES OF HUSBANDS AND At the Census of 3rd April, 1911'.",,
1911_census_volume_iii_part_x_families,1911 Census - Volume III - Part X Families.pdf,2112.0 - Volume III - Part X Families,data\raw\abs_1911_census\1911 Census - Volume III - Part X Families.pdf,104,6,7,1109,table,False,False,False,True,False,1,The page is a statistical table titled 'WIVES IN THE COMMONWEALTH OF AUSTRALIA' showing birthplaces.,,
1911_census_volume_iii_part_x_families,1911 Census - Volume III - Part X Families.pdf,2112.0 - Volume III - Part X Families,data\raw\abs_1911_census\1911 Census - Volume III - Part X Families.pdf,104,7,8,1110,table,False,False,False,True,False,1,The page contains a large statistical table titled '3.—RELATIVE BIRTHPLACES OF HUSBANDS AND WIVES'.,,
1911_census_volume_iii_part_x_families,1911 Census - Volume III - Part X Families.pdf,2112.0 - Volume III - Part X Families,data\raw\abs_1911_census\1911 Census - Volume III - Part X Families.pdf,104,8,9,1111,table,False,False,False,True,False,1,"The page contains a statistical data table regarding birthplaces of wives, with no table of contents or index structure.",,
1911_census_volume_iii_part_x_families,1911 Census - Volume III - Part X Families.pdf,2112.0 - Volume III - Part X Families,data\raw\abs_1911_census\1911 Census - Volume III - Part X Families.pdf,104,9,10,1112,table,False,False,False,True,False,1,The page contains statistical data tables for New South Wales and Victoria regarding the relative ages of husbands and wives.,,
1911_census_volume_iii_part_xi_life_tables,1911 Census - Volume III - Part XI Life Tables.pdf,2112.0 - Volume III - Part XI Life Tables,data\raw\abs_1911_census\1911 Census - Volume III - Part XI Life Tables.pdf,72,0,1,,title_page,False,False,False,False,False,1,"The page is clearly a title page for the document, containing the title, census date, part number, and author information.",,
1911_census_volume_iii_part_xi_life_tables,1911 Census - Volume III - Part XI Life Tables.pdf,2112.0 - Volume III - Part XI Life Tables,data\raw\abs_1911_census\1911 Census - Volume III - Part XI Life Tables.pdf,72,1,2,1208,contents,True,True,True,False,False,1,The page is explicitly titled 'CONTENTS' and lists tables with corresponding page numbers.,,
1911_census_volume_iii_part_xi_life_tables,1911 Census - Volume III - Part XI Life Tables.pdf,2112.0 - Volume III - Part XI Life Tables,data\raw\abs_1911_census\1911 Census - Volume III - Part XI Life Tables.pdf,72,2,3,1209,table,False,False,False,True,False,1,The page contains a statistical life table for the Commonwealth of Australia (1881-90).,,
1911_census_volume_iii_part_xi_life_tables,1911 Census - Volume III - Part XI Life Tables.pdf,2112.0 - Volume III - Part XI Life Tables,data\raw\abs_1911_census\1911 Census - Volume III - Part XI Life Tables.pdf,72,3,4,1210,table,False,False,False,True,False,1,The page contains statistical life tables for Commonwealth males and females.,,
1911_census_volume_iii_part_xi_life_tables,1911 Census - Volume III - Part XI Life Tables.pdf,2112.0 - Volume III - Part XI Life Tables,data\raw\abs_1911_census\1911 Census - Volume III - Part XI Life Tables.pdf,72,4,5,1211,table,False,False,False,True,False,1,"The page contains a statistical life table for females, showing age-specific data.",,
1911_census_volume_iii_part_xi_life_tables,1911 Census - Volume III - Part XI Life Tables.pdf,2112.0 - Volume III - Part XI Life Tables,data\raw\abs_1911_census\1911 Census - Volume III - Part XI Life Tables.pdf,72,5,6,1212,table,False,False,False,True,False,1,The page contains two statistical life tables (Commonwealth Female Life Table 1881-90 and Commonwealth Male Life Table 1891-1900).,,
1911_census_volume_iii_part_xi_life_tables,1911 Census - Volume III - Part XI Life Tables.pdf,2112.0 - Volume III - Part XI Life Tables,data\raw\abs_1911_census\1911 Census - Volume III - Part XI Life Tables.pdf,72,6,7,1213,table,False,False,False,True,False,1,"The page contains a statistical life table for males, showing age-specific data.",,
1911_census_volume_iii_part_xi_life_tables,1911 Census - Volume III - Part XI Life Tables.pdf,2112.0 - Volume III - Part XI Life Tables,data\raw\abs_1911_census\1911 Census - Volume III - Part XI Life Tables.pdf,72,7,8,1214,table,False,False,False,True,False,1,"The page contains a statistical life table for Commonwealth females, 1891-1900.",,
1911_census_volume_iii_part_xi_life_tables,1911 Census - Volume III - Part XI Life Tables.pdf,2112.0 - Volume III - Part XI Life Tables,data\raw\abs_1911_census\1911 Census - Volume III - Part XI Life Tables.pdf,72,8,9,1215,table,False,False,False,True,False,1,The page contains statistical life tables for female and male populations.,,
1911_census_volume_iii_part_xi_life_tables,1911 Census - Volume III - Part XI Life Tables.pdf,2112.0 - Volume III - Part XI Life Tables,data\raw\abs_1911_census\1911 Census - Volume III - Part XI Life Tables.pdf,72,9,10,1216,table,False,False,False,True,False,1,"The page contains a statistical life table for males, with columns for age, survivors, deaths, and various actuarial metrics.",,
1911_census_volume_iii_part_xii_occupations,1911 Census - Volume III - Part XII Occupations.pdf,2112.0 - Volume III - Part XII Occupations,data\raw\abs_1911_census\1911 Census - Volume III - Part XII Occupations.pdf,570,0,1,,title_page,False,False,False,False,False,1,"The page is clearly a title page for the document, containing the title, part number, and author information.",,
1911_census_volume_iii_part_xii_occupations,1911 Census - Volume III - Part XII Occupations.pdf,2112.0 - Volume III - Part XII Occupations,data\raw\abs_1911_census\1911 Census - Volume III - Part XII Occupations.pdf,570,1,2,1280,contents,True,True,True,False,False,1,The page is explicitly titled 'CONTENTS' and lists numbered tables with corresponding page references.,,
1911_census_volume_iii_part_xii_occupations,1911 Census - Volume III - Part XII Occupations.pdf,2112.0 - Volume III - Part XII Occupations,data\raw\abs_1911_census\1911 Census - Volume III - Part XII Occupations.pdf,570,2,3,1281,contents,True,True,True,False,True,1,The page is explicitly titled 'CONTENTS—continued' and lists table numbers with corresponding page references.,,
1911_census_volume_iii_part_xii_occupations,1911 Census - Volume III - Part XII Occupations.pdf,2112.0 - Volume III - Part XII Occupations,data\raw\abs_1911_census\1911 Census - Volume III - Part XII Occupations.pdf,570,3,4,1282,contents,True,True,True,False,True,1,The page is explicitly titled 'CONTENTS—continued.' and lists table numbers with corresponding page references.,,
1911_census_volume_iii_part_xii_occupations,1911 Census - Volume III - Part XII Occupations.pdf,2112.0 - Volume III - Part XII Occupations,data\raw\abs_1911_census\1911 Census - Volume III - Part XII Occupations.pdf,570,4,5,1283,table,False,False,False,True,False,1,The page contains a statistical table summarizing occupations of the population.,,
1911_census_volume_iii_part_xii_occupations,1911 Census - Volume III - Part XII Occupations.pdf,2112.0 - Volume III - Part XII Occupations,data\raw\abs_1911_census\1911 Census - Volume III - Part XII Occupations.pdf,570,5,6,1284,table,False,False,False,True,False,1,The page contains a statistical table titled 'Comparative Statement of Occupations of the Population of the Commonwealth of Australia'.,,
1911_census_volume_iii_part_xii_occupations,1911 Census - Volume III - Part XII Occupations.pdf,2112.0 - Volume III - Part XII Occupations,data\raw\abs_1911_census\1911 Census - Volume III - Part XII Occupations.pdf,570,6,7,1285,table,False,False,False,True,False,1,The page contains a statistical table comparing occupations across census years.,,
1911_census_volume_iii_part_xii_occupations,1911 Census - Volume III - Part XII Occupations.pdf,2112.0 - Volume III - Part XII Occupations,data\raw\abs_1911_census\1911 Census - Volume III - Part XII Occupations.pdf,570,7,8,1286,table,False,False,False,True,False,1,The page contains a statistical table titled 'Comparative Statement of Occupations of the Population of the State of New South Wales'.,,
1911_census_volume_iii_part_xii_occupations,1911 Census - Volume III - Part XII Occupations.pdf,2112.0 - Volume III - Part XII Occupations,data\raw\abs_1911_census\1911 Census - Volume III - Part XII Occupations.pdf,570,8,9,1287,table,False,False,False,True,False,1,The page contains a statistical table titled '5.—COMPARATIVE STATEMENT OF OCCUPATIONS OF THE POPULATION OF THE STATE OF VICTORIA'.,,
1911_census_volume_iii_part_xii_occupations,1911 Census - Volume III - Part XII Occupations.pdf,2112.0 - Volume III - Part XII Occupations,data\raw\abs_1911_census\1911 Census - Volume III - Part XII Occupations.pdf,570,9,10,1288,table,False,False,False,True,False,1,The page contains a statistical table titled '6.—COMPARATIVE STATEMENT OF OCCUPATIONS OF THE POPULATION OF THE STATE OF QUEENSLAND'.,,
1911_census_volume_iii_part_xiii_dwellings,1911 Census - Volume III - Part XIII Dwellings.pdf,2112.0 - Volume III - Part XIII Dwellings,data\raw\abs_1911_census\1911 Census - Volume III - Part XIII Dwellings.pdf,200,0,1,,title_page,False,False,False,False,False,1,"The page is clearly a title page for the census document, containing the title, part number, and author information.",,
1911_census_volume_iii_part_xiii_dwellings,1911 Census - Volume III - Part XIII Dwellings.pdf,2112.0 - Volume III - Part XIII Dwellings,data\raw\abs_1911_census\1911 Census - Volume III - Part XIII Dwellings.pdf,200,1,2,1850,contents,True,True,True,False,False,1,The page is explicitly titled 'CONTENTS' and lists numbered tables with corresponding page references.,,
1911_census_volume_iii_part_xiii_dwellings,1911 Census - Volume III - Part XIII Dwellings.pdf,2112.0 - Volume III - Part XIII Dwellings,data\raw\abs_1911_census\1911 Census - Volume III - Part XIII Dwellings.pdf,200,2,3,1851,contents,True,True,True,False,True,1,"The page is clearly a continuation of a table of contents, indicated by the header 'CONTENTS—continued.' and a list of numbered tables with corresponding page numbers.",,
1911_census_volume_iii_part_xiii_dwellings,1911 Census - Volume III - Part XIII Dwellings.pdf,2112.0 - Volume III - Part XIII Dwellings,data\raw\abs_1911_census\1911 Census - Volume III - Part XIII Dwellings.pdf,200,3,4,1852,contents,True,True,True,False,True,1,The page is explicitly titled 'CONTENTS—continued' and lists table numbers with corresponding page references.,,
1911_census_volume_iii_part_xiii_dwellings,1911 Census - Volume III - Part XIII Dwellings.pdf,2112.0 - Volume III - Part XIII Dwellings,data\raw\abs_1911_census\1911 Census - Volume III - Part XIII Dwellings.pdf,200,4,5,1853,table,False,False,False,True,False,1,The page contains two statistical tables (Table 1 and Table 2) presenting census data for dwellings and population.,,
1911_census_volume_iii_part_xiii_dwellings,1911 Census - Volume III - Part XIII Dwellings.pdf,2112.0 - Volume III - Part XIII Dwellings,data\raw\abs_1911_census\1911 Census - Volume III - Part XIII Dwellings.pdf,200,5,6,6,table,False,False,False,True,False,1,The page contains two distinct statistical tables (Table 3 and Table 4) presenting census data for dwellings.,,
1911_census_volume_iii_part_xiii_dwellings,1911 Census - Volume III - Part XIII Dwellings.pdf,2112.0 - Volume III - Part XIII Dwellings,data\raw\abs_1911_census\1911 Census - Volume III - Part XIII Dwellings.pdf,200,6,7,1855,table,False,False,False,True,False,1,"The page contains statistical data tables regarding dwellings in Australia, specifically 'Dwellings other than private' and 'All dwellings'.",,
1911_census_volume_iii_part_xiii_dwellings,1911 Census - Volume III - Part XIII Dwellings.pdf,2112.0 - Volume III - Part XIII Dwellings,data\raw\abs_1911_census\1911 Census - Volume III - Part XIII Dwellings.pdf,200,7,8,1856,table,False,False,False,True,False,1,The page contains statistical data tables regarding occupied dwellings by number of rooms.,,
1911_census_volume_iii_part_xiii_dwellings,1911 Census - Volume III - Part XIII Dwellings.pdf,2112.0 - Volume III - Part XIII Dwellings,data\raw\abs_1911_census\1911 Census - Volume III - Part XIII Dwellings.pdf,200,8,9,1857,table,False,False,False,True,False,1,The page contains a statistical table titled '6.—OCCUPIED DWELLINGS IN THE SEVERAL STATES AND TERRITORIES OF THE COMMONWEALTH OF AUSTRALIA'.,,
1911_census_volume_iii_part_xiii_dwellings,1911 Census - Volume III - Part XIII Dwellings.pdf,2112.0 - Volume III - Part XIII Dwellings,data\raw\abs_1911_census\1911 Census - Volume III - Part XIII Dwellings.pdf,200,9,10,1858,table,False,False,False,True,False,1,The page contains a statistical table titled '7. OCCUPIED DWELLINGS IN THE SEVERAL STATES AND TERRITORIES OF THE COMMONWEALTH OF AUSTRALIA'.,,
1911_census_volume_iii_part_xiv_summary,1911 Census - Volume III - Part XIV Summary.pdf,2112.0 - Volume III - Part XIV Summary,data\raw\abs_1911_census\1911 Census - Volume III - Part XIV Summary.pdf,244,0,1,,title_page,False,False,False,False,False,1,"The page is clearly a title page for the 1911 Census publication, containing the title, part number, and author information.",,
1911_census_volume_iii_part_xiv_summary,1911 Census - Volume III - Part XIV Summary.pdf,2112.0 - Volume III - Part XIV Summary,data\raw\abs_1911_census\1911 Census - Volume III - Part XIV Summary.pdf,244,1,2,2050,contents,True,True,True,False,False,1,The page is explicitly titled 'CONTENTS' and lists numbered tables with corresponding page references.,,
1911_census_volume_iii_part_xiv_summary,1911 Census - Volume III - Part XIV Summary.pdf,2112.0 - Volume III - Part XIV Summary,data\raw\abs_1911_census\1911 Census - Volume III - Part XIV Summary.pdf,244,2,3,2051,contents,True,True,True,False,True,1,The page is explicitly titled 'CONTENTS-continued' and lists table numbers with corresponding page references.,,
1911_census_volume_iii_part_xiv_summary,1911 Census - Volume III - Part XIV Summary.pdf,2112.0 - Volume III - Part XIV Summary,data\raw\abs_1911_census\1911 Census - Volume III - Part XIV Summary.pdf,244,3,4,2052,contents,True,True,True,False,True,1,The page is explicitly titled 'CONTENTS—continued' and lists numbered tables with corresponding page references.,,
1911_census_volume_iii_part_xiv_summary,1911 Census - Volume III - Part XIV Summary.pdf,2112.0 - Volume III - Part XIV Summary,data\raw\abs_1911_census\1911 Census - Volume III - Part XIV Summary.pdf,244,4,5,2053,contents,True,True,True,False,True,1,The page is explicitly titled 'CONTENTS—continued' and lists table numbers with corresponding page references.,,
1911_census_volume_iii_part_xiv_summary,1911 Census - Volume III - Part XIV Summary.pdf,2112.0 - Volume III - Part XIV Summary,data\raw\abs_1911_census\1911 Census - Volume III - Part XIV Summary.pdf,244,5,6,2054,table,False,False,False,True,False,1,The page contains three distinct statistical tables presenting population data for the Australian states and territories.,,
1911_census_volume_iii_part_xiv_summary,1911 Census - Volume III - Part XIV Summary.pdf,2112.0 - Volume III - Part XIV Summary,data\raw\abs_1911_census\1911 Census - Volume III - Part XIV Summary.pdf,244,6,7,2055,table,False,False,False,True,False,1,The page contains statistical data tables comparing population across Australian states and territories for different years.,,
1911_census_volume_iii_part_xiv_summary,1911 Census - Volume III - Part XIV Summary.pdf,2112.0 - Volume III - Part XIV Summary,data\raw\abs_1911_census\1911 Census - Volume III - Part XIV Summary.pdf,244,7,8,2056,table,False,False,False,True,False,1,The page contains two statistical tables: 'Increase of Population in the Several States and Territories' and 'Adjusted Population of the Several States and the Northern Territory'.,,
1911_census_volume_iii_part_xiv_summary,1911 Census - Volume III - Part XIV Summary.pdf,2112.0 - Volume III - Part XIV Summary,data\raw\abs_1911_census\1911 Census - Volume III - Part XIV Summary.pdf,244,8,9,2057,table,False,False,False,True,False,1,The page contains a statistical table titled '6.—ADJUSTED MEAN POPULATION OF THE SEVERAL STATES AND THE NORTHERN TERRITORY'.,,
1911_census_volume_iii_part_xiv_summary,1911 Census - Volume III - Part XIV Summary.pdf,2112.0 - Volume III - Part XIV Summary,data\raw\abs_1911_census\1911 Census - Volume III - Part XIV Summary.pdf,244,9,10,2058,table,False,False,False,True,False,1,The page contains a statistical table detailing the male population of Australian states and territories by age.,,
